draw_date,n1,n2,n3,n4,n5,sum,even,odd
1976-05-19,31,15,33,27,36,142,1,4
1976-06-03,10,26,42,1,4,83,4,1
1976-06-10,44,16,47,10,15,132,3,2
1976-06-16,2,3,35,13,1,54,1,4
1976-06-23,30,22,11,9,23,95,2,3
1976-06-30,10,17,25,35,5,92,1,4
1976-07-07,27,32,34,19,45,157,2,3
1976-07-15,42,5,29,28,27,131,2,3
1976-07-21,15,2,31,19,27,94,1,4
1976-07-28,40,49,16,37,35,177,2,3
1976-08-05,47,37,25,6,4,119,2,3
1976-08-11,8,42,33,31,17,131,2,3
1976-08-18,21,9,3,24,34,91,2,3
1976-08-25,32,11,7,8,38,96,3,2
1976-09-01,27,33,42,8,26,136,3,2
1976-09-08,25,30,22,3,38,118,3,2
1976-09-15,27,7,39,3,8,84,1,4
1976-09-22,35,24,10,36,9,114,3,2
1976-09-29,7,15,11,8,35,76,1,4
1976-10-06,47,30,38,6,26,147,4,1
1976-10-13,36,19,46,2,20,123,4,1
1976-10-20,20,26,14,48,33,141,4,1
1976-10-27,43,5,40,13,17,118,1,4
1976-11-04,46,40,30,9,33,158,3,2
1976-11-10,17,3,41,38,30,129,2,3
1976-11-17,2,32,44,45,20,143,4,1
1976-11-24,20,19,25,5,12,81,2,3
1976-12-01,18,26,16,22,28,110,5,0
1976-12-08,38,31,12,49,7,137,2,3
1976-12-15,26,45,19,9,39,138,1,4
1976-12-22,20,36,3,7,1,67,2,3
1976-12-29,9,12,32,24,47,124,3,2
1977-01-05,36,26,1,34,32,129,4,1
1977-01-12,16,15,17,31,8,87,2,3
1977-01-19,41,33,2,14,45,135,2,3
1977-01-26,21,7,45,12,9,94,1,4
1977-02-02,25,23,5,1,41,95,0,5
1977-02-09,11,40,28,22,1,102,3,2
1977-02-16,11,44,13,37,31,136,1,4
1977-02-23,42,43,25,22,34,166,3,2
1977-03-02,26,27,6,22,33,114,3,2
1977-03-09,3,28,4,9,46,90,3,2
1977-03-16,40,21,20,45,44,170,3,2
1977-03-23,14,20,22,40,17,113,4,1
1977-03-30,19,10,40,41,43,153,2,3
1977-04-06,33,18,7,8,25,91,2,3
1977-04-14,41,28,26,3,16,114,3,2
1977-04-20,30,17,35,7,9,98,1,4
1977-04-27,6,30,29,28,44,137,4,1
1977-05-04,29,36,49,38,34,186,3,2
1977-05-11,28,10,1,23,9,71,2,3
1977-05-18,7,20,4,19,44,94,3,2
1977-05-25,44,38,20,31,22,155,4,1
1977-06-01,32,38,15,2,18,105,4,1
1977-06-08,24,43,31,21,37,156,1,4
1977-06-15,29,39,8,27,28,131,2,3
1977-06-22,42,15,7,19,12,95,2,3
1977-06-29,47,38,48,37,1,171,2,3
1977-07-06,28,2,37,16,20,103,4,1
1977-07-13,44,21,48,36,3,152,3,2
1977-07-20,11,7,32,12,30,92,3,2
1977-07-27,6,28,48,44,14,140,5,0
1977-08-03,23,26,24,18,15,106,3,2
1977-08-10,31,30,47,15,45,168,1,4
1977-08-18,4,10,29,5,32,80,3,2
1977-08-24,5,26,9,49,19,108,1,4
1977-08-31,43,34,8,49,32,166,3,2
1977-09-07,37,7,32,34,27,137,2,3
1977-09-14,9,18,17,3,44,91,2,3
1977-09-21,15,27,5,3,19,69,0,5
1977-09-28,2,4,33,7,38,84,3,2
1977-10-05,4,36,49,7,28,124,3,2
1977-10-12,47,27,6,5,42,127,2,3
1977-10-19,45,6,11,24,12,98,3,2
1977-10-26,38,6,25,34,3,106,3,2
1977-11-03,31,47,32,4,38,152,3,2
1977-11-09,20,42,35,14,19,130,3,2
1977-11-16,1,33,20,28,9,91,2,3
1977-11-23,3,15,16,2,37,73,2,3
1977-11-30,23,21,38,45,48,175,2,3
1977-12-07,37,44,20,42,6,149,4,1
1977-12-14,30,12,27,38,41,148,3,2
1977-12-21,38,9,28,12,19,106,3,2
1977-12-28,11,6,35,23,39,114,1,4
1978-01-04,7,36,5,12,37,97,2,3
1978-01-11,38,45,4,43,17,147,2,3
1978-01-18,23,22,33,27,26,131,2,3
1978-01-25,36,1,12,34,37,120,3,2
1978-02-01,16,2,37,48,7,110,3,2
1978-02-08,10,33,27,5,8,83,2,3
1978-02-15,40,4,38,39,24,145,4,1
1978-02-22,42,5,37,14,31,129,2,3
1978-03-01,45,17,18,46,38,164,3,2
1978-03-08,41,7,34,16,40,138,3,2
1978-03-15,27,14,13,20,12,86,3,2
1978-03-22,43,36,31,29,45,184,1,4
1978-03-30,28,15,7,4,24,78,3,2
1978-04-05,33,27,7,12,35,114,1,4
1978-04-12,36,7,31,46,26,146,3,2
1978-04-19,49,17,27,42,40,175,2,3
1978-04-26,37,45,29,28,24,163,2,3
1978-05-03,17,27,19,40,28,131,2,3
1978-05-10,5,4,2,29,8,48,3,2
1978-05-18,23,45,49,11,20,148,1,4
1978-05-24,7,18,46,47,3,121,2,3
1978-05-31,49,14,48,10,29,150,3,2
1978-06-07,21,1,43,35,13,113,0,5
1978-06-14,12,49,40,10,1,112,3,2
1978-06-21,49,11,32,44,20,156,3,2
1978-06-28,3,46,41,45,16,151,2,3
1978-07-05,46,47,39,29,17,178,1,4
1978-07-12,9,15,2,40,25,91,2,3
1978-07-19,28,11,16,8,24,87,4,1
1978-07-26,17,19,11,34,7,88,1,4
1978-08-02,5,3,1,27,17,53,0,5
1978-08-09,40,3,18,16,21,98,3,2
1978-08-17,45,31,18,27,30,151,2,3
1978-08-23,41,21,20,42,46,170,3,2
1978-08-30,28,38,21,12,48,147,4,1
1978-09-06,2,6,40,48,37,133,4,1
1978-09-13,20,48,35,34,8,145,4,1
1978-09-20,34,25,4,5,41,109,2,3
1978-09-27,48,45,27,47,23,190,1,4
1978-10-04,12,21,9,20,8,70,3,2
1978-10-11,4,48,14,33,29,128,3,2
1978-10-18,41,35,27,16,24,143,2,3
1978-10-25,28,34,8,42,20,132,5,0
1978-11-02,31,46,39,36,26,178,3,2
1978-11-08,6,16,21,3,49,95,2,3
1978-11-15,48,38,17,42,8,153,4,1
1978-11-22,32,20,47,14,19,132,3,2
1978-11-29,32,10,11,49,25,127,2,3
1978-12-06,42,30,35,31,44,182,3,2
1978-12-13,25,15,7,31,42,120,1,4
1978-12-20,48,31,41,49,35,204,1,4
1978-12-28,42,2,31,36,1,112,3,2
1979-01-04,20,21,47,13,49,150,1,4
1979-01-10,40,41,14,18,20,133,4,1
1979-01-17,12,37,30,16,19,114,3,2
1979-01-24,6,37,36,40,26,145,4,1
1979-01-31,4,22,30,26,49,131,4,1
1979-02-07,26,24,14,22,23,109,4,1
1979-02-14,27,30,18,49,47,171,2,3
1979-02-21,41,10,49,43,18,161,2,3
1979-02-28,2,20,5,31,11,69,2,3
1979-03-07,18,13,43,2,42,118,3,2
1979-03-14,25,36,32,20,45,158,3,2
1979-03-21,6,42,38,45,46,177,4,1
1979-03-28,23,42,14,27,3,109,2,3
1979-04-04,12,45,9,1,3,70,1,4
1979-04-11,34,2,28,12,7,83,4,1
1979-04-19,12,39,35,19,20,125,2,3
1979-04-25,13,21,39,37,41,151,0,5
1979-05-03,21,36,8,33,17,115,2,3
1979-05-09,40,41,49,24,9,163,2,3
1979-05-16,27,41,1,23,3,95,0,5
1979-05-23,36,42,48,11,5,142,3,2
1979-05-30,8,15,48,44,19,134,3,2
1979-06-07,3,49,9,48,10,119,2,3
1979-06-13,8,21,9,35,4,77,2,3
1979-06-20,10,12,3,25,8,58,3,2
1979-06-27,7,26,32,19,44,128,3,2
1979-07-04,25,1,15,39,4,84,1,4
1979-07-11,44,15,41,45,33,178,1,4
1979-07-18,13,8,49,36,19,125,2,3
1979-07-25,19,23,8,31,47,128,1,4
1979-08-01,17,2,29,23,14,85,2,3
1979-08-08,47,40,22,21,45,175,2,3
1979-08-16,36,42,20,15,47,160,3,2
1979-08-22,48,22,31,44,14,159,4,1
1979-08-29,8,25,15,16,4,68,3,2
1979-09-05,43,13,26,17,30,129,2,3
1979-09-12,31,45,17,13,5,111,0,5
1979-09-19,8,10,16,12,2,48,5,0
1979-09-26,44,6,37,12,3,102,3,2
1979-10-03,7,24,28,13,38,110,3,2
1979-10-10,4,36,29,28,42,139,4,1
1979-10-17,27,39,25,22,41,154,1,4
1979-10-24,7,46,33,45,34,165,2,3
1979-10-31,3,7,19,28,27,84,1,4
1979-11-07,28,45,46,12,40,171,4,1
1979-11-14,48,25,24,44,38,179,4,1
1979-11-21,28,12,24,4,30,98,5,0
1979-11-28,22,40,2,4,43,111,4,1
1979-12-05,12,7,27,35,15,96,1,4
1979-12-12,8,32,36,37,22,135,4,1
1979-12-19,10,26,12,22,4,74,5,0
1979-12-28,41,19,24,47,39,170,1,4
1980-01-03,26,32,48,39,9,154,3,2
1980-01-09,39,46,47,21,9,162,1,4
1980-01-16,42,26,43,9,32,152,3,2
1980-01-23,31,9,7,39,33,119,0,5
1980-01-30,29,28,42,46,19,164,3,2
1980-02-06,38,48,19,25,2,132,3,2
1980-02-13,43,20,25,39,26,153,2,3
1980-02-20,5,1,45,37,49,137,0,5
1980-02-27,3,30,19,18,13,83,2,3
1980-03-05,48,47,38,25,18,176,3,2
1980-03-12,48,38,17,46,9,158,3,2
1980-03-19,36,35,32,23,1,127,2,3
1980-03-26,18,10,46,35,4,113,4,1
1980-04-02,29,41,6,19,26,121,2,3
1980-04-09,47,41,12,31,5,136,1,4
1980-04-16,6,22,45,21,2,96,3,2
1980-04-23,10,14,12,3,42,81,4,1
1980-04-30,6,7,9,17,45,84,1,4
1980-05-07,22,1,25,14,10,72,3,2
1980-05-14,6,46,14,17,37,120,3,2
1980-05-21,45,5,44,15,48,157,2,3
1980-05-29,7,8,2,25,15,57,2,3
1980-06-04,14,18,6,48,27,113,4,1
1980-06-11,25,34,9,42,31,141,2,3
1980-06-18,7,40,36,11,22,116,3,2
1980-06-25,5,25,38,3,31,102,1,4
1980-07-02,34,47,36,5,40,162,3,2
1980-07-09,14,11,45,29,41,140,1,4
1980-07-17,42,17,2,28,4,93,4,1
1980-07-23,4,21,11,22,38,96,3,2
1980-07-30,3,13,5,11,19,51,0,5
1980-08-06,7,40,48,10,6,111,4,1
1980-08-13,28,5,32,12,15,92,3,2
1980-08-20,20,16,48,39,1,124,3,2
1980-08-27,48,24,18,45,36,171,4,1
1980-09-03,16,43,28,20,7,114,3,2
1980-09-10,31,19,3,20,39,112,1,4
1980-09-17,49,4,9,43,12,117,2,3
1980-09-24,12,28,31,4,45,120,3,2
1980-10-01,44,1,31,32,23,131,2,3
1980-10-08,47,3,22,13,5,90,1,4
1980-10-15,14,33,29,21,18,115,2,3
1980-10-22,46,6,48,36,41,177,4,1
1980-10-29,15,3,41,45,37,141,0,5
1980-11-05,42,49,21,10,39,161,2,3
1980-11-13,40,1,13,7,31,92,1,4
1980-11-19,6,13,21,39,37,116,1,4
1980-11-26,39,21,40,42,44,186,3,2
1980-12-03,22,35,47,40,24,168,3,2
1980-12-10,16,40,27,18,11,112,3,2
1980-12-17,5,12,44,24,11,96,3,2
1980-12-24,15,47,7,10,31,110,1,4
1980-12-31,7,16,34,8,39,104,3,2
1981-01-07,20,44,41,31,18,154,3,2
1981-01-14,34,31,26,38,48,177,4,1
1981-01-21,19,28,49,26,47,169,2,3
1981-01-28,4,28,29,19,18,98,3,2
1981-02-04,43,3,7,13,20,86,1,4
1981-02-11,46,24,11,14,28,123,4,1
1981-02-18,34,25,5,28,19,111,2,3
1981-02-25,29,12,48,13,15,117,2,3
1981-03-04,26,19,6,48,34,133,4,1
1981-03-11,28,40,3,36,41,148,3,2
1981-03-18,44,14,22,39,45,164,3,2
1981-03-25,2,18,49,28,47,144,3,2
1981-04-01,5,33,24,34,21,117,2,3
1981-04-08,45,18,43,24,13,143,2,3
1981-04-15,2,33,48,38,7,128,3,2
1981-04-23,9,34,17,1,24,85,2,3
1981-04-29,40,13,29,41,42,165,2,3
1981-05-06,41,17,38,43,47,186,1,4
1981-05-13,3,19,2,37,48,109,2,3
1981-05-20,6,29,18,4,47,104,3,2
1981-05-27,39,28,8,2,16,93,4,1
1981-06-03,26,25,5,40,12,108,3,2
1981-06-11,4,40,5,44,35,128,3,2
1981-06-17,42,13,38,18,1,112,3,2
1981-06-24,49,35,2,3,38,127,2,3
1981-07-01,12,4,34,27,25,102,3,2
1981-07-08,12,31,18,7,11,79,2,3
1981-07-16,40,2,49,20,15,126,3,2
1981-07-22,34,22,11,26,25,118,3,2
1981-07-29,13,19,9,27,49,117,0,5
1981-08-05,24,15,49,36,30,154,3,2
1981-08-12,2,49,6,37,13,107,2,3
1981-08-19,4,13,9,35,37,98,1,4
1981-08-26,12,9,36,45,48,150,3,2
1981-09-02,20,13,31,43,37,144,1,4
1981-09-09,29,33,25,32,5,124,1,4
1981-09-16,11,9,2,20,36,78,3,2
1981-09-23,34,9,14,24,19,100,3,2
1981-09-30,14,34,15,13,39,115,2,3
1981-10-07,4,12,47,11,28,102,3,2
1981-10-14,19,12,36,47,25,139,2,3
1981-10-21,2,26,24,1,43,96,3,2
1981-10-28,48,8,15,25,40,136,3,2
1981-11-04,24,46,7,23,2,102,3,2
1981-11-12,27,4,43,10,24,108,3,2
1981-11-18,43,2,27,46,40,158,3,2
1981-11-25,44,12,27,48,16,147,4,1
1981-12-02,22,39,36,32,5,134,3,2
1981-12-09,12,34,29,1,36,112,3,2
1981-12-16,18,38,13,22,34,125,4,1
1981-12-23,48,14,26,13,45,146,3,2
1981-12-30,28,45,34,48,37,192,3,2
1982-01-06,49,23,42,40,38,192,3,2
1982-01-13,9,29,25,8,14,85,2,3
1982-01-20,24,46,27,11,23,131,2,3
1982-01-27,26,34,23,24,47,154,3,2
1982-02-03,26,24,40,10,23,123,4,1
1982-02-10,17,38,23,6,27,111,2,3
1982-02-17,39,29,23,18,17,126,1,4
1982-02-24,34,30,10,18,4,96,5,0
1982-03-03,28,48,13,23,16,128,3,2
1982-03-10,3,13,24,19,36,95,2,3
1982-03-17,42,35,29,12,16,134,3,2
1982-03-24,9,35,48,11,49,152,1,4
1982-03-31,39,32,27,23,28,149,2,3
1982-04-07,40,36,29,19,31,155,2,3
1982-04-15,35,22,23,24,17,121,2,3
1982-04-21,10,17,24,11,2,64,3,2
1982-04-28,20,8,3,4,16,51,4,1
1982-05-05,24,22,20,3,28,97,4,1
1982-05-12,22,12,5,9,47,95,2,3
1982-05-19,24,14,2,9,12,61,4,1
1982-05-26,35,40,24,38,4,141,4,1
1982-06-03,45,32,44,35,24,180,3,2
1982-06-09,15,39,28,6,11,99,2,3
1982-06-16,35,48,46,20,17,166,3,2
1982-06-23,10,15,37,25,49,136,1,4
1982-06-30,35,14,34,31,39,153,2,3
1982-07-07,12,41,29,17,39,138,1,4
1982-07-15,19,6,24,45,23,117,2,3
1982-07-21,4,24,40,49,11,128,3,2
1982-07-28,28,1,32,7,24,92,3,2
1982-08-04,20,5,28,40,25,118,3,2
1982-08-11,32,44,35,47,16,174,3,2
1982-08-18,15,49,30,35,31,160,1,4
1982-08-25,18,40,29,44,15,146,3,2
1982-09-01,12,42,14,2,10,80,5,0
1982-09-08,30,9,48,37,35,159,2,3
1982-09-15,29,40,36,48,27,180,3,2
1982-09-22,21,37,40,34,45,177,2,3
1982-09-29,14,16,23,2,32,87,4,1
1982-10-06,17,28,13,6,45,109,2,3
1982-10-13,40,31,38,49,37,195,2,3
1982-10-20,27,49,44,11,14,145,2,3
1982-10-27,25,30,38,39,40,172,3,2
1982-11-04,15,10,21,22,42,110,3,2
1982-11-10,32,30,7,8,22,99,4,1
1982-11-17,22,16,45,49,48,180,3,2
1982-11-24,30,3,33,23,10,99,2,3
1982-12-01,31,32,36,9,26,134,3,2
1982-12-08,30,35,19,28,47,159,2,3
1982-12-15,49,26,4,6,40,125,4,1
1982-12-22,46,44,10,7,48,155,4,1
1982-12-29,49,25,8,32,31,145,2,3
1983-01-05,16,21,31,48,1,117,2,3
1983-01-12,42,29,18,45,15,149,2,3
1983-01-19,39,14,2,49,48,152,3,2
1983-01-26,34,20,5,8,2,69,4,1
1983-02-02,12,5,37,22,31,107,2,3
1983-02-09,23,29,6,34,12,104,3,2
1983-02-16,40,33,14,30,12,129,4,1
1983-02-23,4,8,32,30,42,116,5,0
1983-03-02,33,22,26,34,45,160,3,2
1983-03-09,28,22,12,24,38,124,5,0
1983-03-16,23,9,36,5,43,116,1,4
1983-03-23,26,11,32,34,22,125,4,1
1983-03-30,26,2,35,21,19,103,2,3
1983-04-07,33,44,6,29,24,136,3,2
1983-04-13,49,36,42,15,22,164,3,2
1983-04-20,26,31,40,33,10,140,3,2
1983-04-27,10,8,21,16,5,60,3,2
1983-05-04,24,21,40,43,5,133,2,3
1983-05-11,48,12,41,22,44,167,4,1
1983-05-18,1,30,49,9,32,121,2,3
1983-05-26,32,8,6,11,35,92,3,2
1983-06-01,18,40,9,14,21,102,3,2
1983-06-08,20,9,6,7,37,79,2,3
1983-06-15,10,20,30,17,34,111,4,1
1983-06-22,29,14,39,5,21,108,1,4
1983-06-29,21,48,37,10,43,159,2,3
1983-07-06,26,38,46,35,49,194,3,2
1983-07-13,15,14,28,30,48,135,4,1
1983-07-20,18,40,28,31,48,165,4,1
1983-07-27,37,9,17,18,14,95,2,3
1983-08-03,16,45,7,19,11,98,1,4
1983-08-10,44,29,3,24,13,113,2,3
1983-08-18,23,37,21,44,4,129,2,3
1983-08-24,43,46,4,18,49,160,3,2
1983-08-31,43,29,9,49,45,175,0,5
1983-09-07,5,42,38,31,11,127,2,3
1983-09-14,15,44,33,27,11,130,1,4
1983-09-21,27,12,8,39,25,111,2,3
1983-09-28,49,12,33,19,24,137,2,3
1983-10-05,6,47,1,23,2,79,2,3
1983-10-12,19,20,40,13,34,126,3,2
1983-10-19,5,11,47,44,8,115,2,3
1983-10-26,8,21,33,31,18,111,2,3
1983-11-03,20,33,49,5,24,131,2,3
1983-11-09,37,46,19,49,26,177,2,3
1983-11-16,41,37,42,27,17,164,1,4
1983-11-23,3,31,41,21,47,143,0,5
1983-11-30,7,22,13,21,44,107,2,3
1983-12-07,43,27,47,16,44,177,2,3
1983-12-14,43,34,23,10,48,158,3,2
1983-12-21,27,42,4,20,7,100,3,2
1983-12-28,33,35,40,20,5,133,2,3
1984-01-04,22,27,2,28,37,116,3,2
1984-01-11,20,45,5,29,31,130,1,4
1984-01-18,6,8,30,1,7,52,3,2
1984-01-25,7,42,47,22,12,130,3,2
1984-02-01,18,45,31,15,41,150,1,4
1984-02-08,19,34,24,29,38,144,3,2
1984-02-15,36,39,16,35,8,134,3,2
1984-02-22,9,3,42,39,38,131,2,3
1984-02-29,19,34,44,13,39,149,2,3
1984-03-07,38,29,32,10,1,110,3,2
1984-03-10,7,43,14,18,34,116,3,2
1984-03-14,47,18,24,6,10,105,4,1
1984-03-17,8,13,25,2,16,64,3,2
1984-03-21,49,6,38,29,23,145,2,3
1984-03-24,30,29,41,2,26,128,3,2
1984-03-28,46,36,22,23,38,165,4,1
1984-03-31,13,39,10,40,25,127,2,3
1984-04-04,42,20,34,29,46,171,4,1
1984-04-07,6,17,30,40,19,112,3,2
1984-04-11,10,12,16,27,18,83,4,1
1984-04-14,26,13,43,30,46,158,3,2
1984-04-18,31,9,14,39,42,135,2,3
1984-04-21,26,39,3,38,5,111,2,3
1984-04-25,30,49,45,41,16,181,2,3
1984-04-28,34,15,49,22,28,148,3,2
1984-05-02,25,15,22,31,16,109,2,3
1984-05-05,27,48,42,18,21,156,3,2
1984-05-09,23,7,12,47,22,111,2,3
1984-05-12,26,39,1,42,23,131,2,3
1984-05-16,17,16,49,18,23,123,2,3
1984-05-19,30,10,2,19,20,81,4,1
1984-05-23,13,18,43,36,28,138,3,2
1984-05-26,22,16,35,4,5,82,3,2
1984-05-30,45,49,41,40,21,196,1,4
1984-06-02,6,48,49,1,12,116,3,2
1984-06-06,39,21,13,30,38,141,2,3
1984-06-09,15,32,42,27,8,124,3,2
1984-06-13,23,30,49,25,21,148,1,4
1984-06-16,32,19,3,21,42,117,2,3
1984-06-20,12,18,47,40,21,138,3,2
1984-06-23,37,32,24,31,3,127,2,3
1984-06-27,25,5,34,33,46,143,2,3
1984-06-30,32,33,47,14,16,142,3,2
1984-07-04,15,29,46,37,33,160,1,4
1984-07-07,23,36,34,6,12,111,4,1
1984-07-11,29,25,46,4,34,138,3,2
1984-07-14,5,32,40,15,34,126,3,2
1984-07-18,17,46,1,24,40,128,3,2
1984-07-21,14,25,22,46,44,151,4,1
1984-07-25,15,7,28,25,35,110,1,4
1984-07-28,18,14,7,40,25,104,3,2
1984-08-01,3,39,28,14,5,89,2,3
1984-08-04,3,32,27,29,1,92,1,4
1984-08-08,33,48,20,42,40,183,4,1
1984-08-11,10,48,39,15,34,146,3,2
1984-08-15,15,38,41,35,20,149,2,3
1984-08-18,33,48,49,6,29,165,2,3
1984-08-22,47,36,41,24,14,162,3,2
1984-08-25,12,36,2,41,17,108,3,2
1984-08-29,47,38,21,15,49,170,1,4
1984-09-01,23,7,10,38,26,104,3,2
1984-09-05,11,21,28,35,1,96,1,4
1984-09-08,14,7,39,1,21,82,1,4
1984-09-12,3,32,8,27,29,99,2,3
1984-09-15,27,38,9,34,6,114,3,2
1984-09-19,37,36,26,35,27,161,2,3
1984-09-22,26,11,33,20,2,92,3,2
1984-09-26,30,9,40,17,45,141,2,3
1984-09-29,21,14,1,5,32,73,2,3
1984-10-03,29,1,40,42,36,148,3,2
1984-10-06,24,12,9,21,41,107,2,3
1984-10-10,17,14,36,6,30,103,4,1
1984-10-13,46,48,37,11,25,167,2,3
1984-10-17,45,38,20,8,19,130,3,2
1984-10-20,46,48,2,34,26,156,5,0
1984-10-24,27,3,44,8,48,130,3,2
1984-10-27,19,7,45,38,18,127,2,3
1984-10-31,18,30,44,19,46,157,4,1
1984-11-03,21,12,49,26,30,138,3,2
1984-11-07,42,39,38,30,34,183,4,1
1984-11-10,13,40,12,5,31,101,2,3
1984-11-14,39,16,43,5,40,143,2,3
1984-11-17,8,24,46,15,45,138,3,2
1984-11-21,23,25,46,12,49,155,2,3
1984-11-24,15,21,35,32,39,142,1,4
1984-11-28,6,8,27,11,22,74,3,2
1984-12-01,11,48,18,22,10,109,4,1
1984-12-05,35,23,47,17,36,158,1,4
1984-12-08,48,20,4,2,22,96,5,0
1984-12-12,2,22,5,15,16,60,3,2
1984-12-15,28,44,30,5,15,122,3,2
1984-12-19,13,24,7,29,5,78,1,4
1984-12-22,20,44,3,40,24,131,4,1
1984-12-26,45,31,33,38,3,150,1,4
1984-12-29,36,29,38,41,4,148,3,2
1985-01-02,6,40,22,15,34,117,4,1
1985-01-05,29,8,31,33,10,111,2,3
1985-01-09,21,2,1,33,46,103,2,3
1985-01-12,46,4,32,33,34,149,4,1
1985-01-16,1,44,38,39,2,124,3,2
1985-01-19,47,43,27,22,16,155,2,3
1985-01-23,39,31,13,37,6,126,1,4
1985-01-26,9,3,32,46,18,108,3,2
1985-01-30,4,45,30,26,16,121,4,1
1985-02-02,25,38,40,48,37,188,3,2
1985-02-06,36,37,26,25,48,172,3,2
1985-02-09,41,35,9,46,1,132,1,4
1985-02-13,20,22,17,1,15,75,2,3
1985-02-16,48,30,32,36,1,147,4,1
1985-02-20,24,30,39,1,8,102,3,2
1985-02-23,24,21,23,3,38,109,2,3
1985-02-27,29,8,28,37,49,151,2,3
1985-03-02,24,10,18,36,8,96,5,0
1985-03-06,26,30,39,27,12,134,3,2
1985-03-09,35,3,14,28,9,89,2,3
1985-03-13,4,14,41,40,18,117,4,1
1985-03-16,3,25,33,20,43,124,1,4
1985-03-20,41,37,33,14,9,134,1,4
1985-03-23,37,17,16,18,11,99,2,3
1985-03-27,30,10,47,29,1,117,2,3
1985-03-30,32,44,30,40,4,150,5,0
1985-04-03,8,19,27,42,29,125,2,3
1985-04-06,35,45,40,34,28,182,3,2
1985-04-10,47,4,3,14,42,110,3,2
1985-04-13,36,8,25,26,12,107,4,1
1985-04-17,45,39,25,21,6,136,1,4
1985-04-20,40,5,22,41,14,122,3,2
1985-04-24,45,37,9,20,48,159,2,3
1985-04-27,12,37,16,34,18,117,4,1
1985-05-01,7,36,6,24,16,89,4,1
1985-05-04,33,46,34,2,18,133,4,1
1985-05-08,19,18,30,24,37,128,3,2
1985-05-11,28,26,21,43,36,154,3,2
1985-05-15,23,45,33,1,37,139,0,5
1985-05-18,31,1,40,19,23,114,1,4
1985-05-22,25,26,13,37,24,125,2,3
1985-05-25,35,5,27,17,6,90,1,4
1985-05-29,28,1,20,17,34,100,3,2
1985-06-01,32,15,24,35,18,124,3,2
1985-06-05,25,42,45,19,12,143,2,3
1985-06-08,27,20,6,5,41,99,2,3
1985-06-12,9,19,29,30,14,101,2,3
1985-06-15,10,23,40,36,16,125,4,1
1985-06-19,11,45,7,22,34,119,2,3
1985-06-22,5,43,46,25,17,136,1,4
1985-06-26,11,36,6,31,23,107,2,3
1985-06-29,41,6,1,14,42,104,3,2
1985-07-03,23,10,6,36,45,120,3,2
1985-07-06,21,7,37,36,18,119,2,3
1985-07-10,42,49,36,23,18,168,3,2
1985-07-13,15,17,30,41,28,131,2,3
1985-07-17,2,37,43,7,5,94,1,4
1985-07-20,38,36,22,40,19,155,4,1
1985-07-24,49,14,37,7,17,124,1,4
1985-07-27,44,9,30,45,36,164,3,2
1985-07-31,42,26,11,1,48,128,3,2
1985-08-03,34,33,20,7,40,134,3,2
1985-08-07,16,21,12,20,40,109,4,1
1985-08-10,47,2,19,28,10,106,3,2
1985-08-14,46,9,33,30,7,125,2,3
1985-08-17,4,38,16,15,48,121,4,1
1985-08-21,23,46,33,38,5,145,2,3
1985-08-24,37,41,4,10,16,108,3,2
1985-08-28,8,12,20,41,24,105,4,1
1985-08-31,20,44,26,8,14,112,5,0
1985-09-04,37,24,25,13,2,101,2,3
1985-09-07,43,28,2,18,37,128,3,2
1985-09-11,47,24,23,4,19,117,2,3
1985-09-14,37,28,13,10,12,100,3,2
1985-09-18,29,35,10,40,18,132,3,2
1985-09-21,20,44,11,6,13,94,3,2
1985-09-25,42,43,46,11,44,186,3,2
1985-09-28,43,15,1,11,19,89,0,5
1985-10-02,14,30,45,9,27,125,2,3
1985-10-05,34,5,25,17,30,111,2,3
1985-10-09,1,13,7,14,22,57,2,3
1985-10-12,36,32,49,38,33,188,3,2
1985-10-16,26,12,19,6,30,93,4,1
1985-10-19,26,32,3,2,29,92,3,2
1985-10-23,37,10,27,35,12,121,2,3
1985-10-26,14,16,33,45,23,131,2,3
1985-10-30,42,38,2,18,32,132,5,0
1985-11-02,4,25,23,28,21,101,2,3
1985-11-06,23,26,13,32,14,108,3,2
1985-11-09,44,29,32,19,37,161,2,3
1985-11-13,28,36,34,13,31,142,3,2
1985-11-16,7,22,34,24,41,128,3,2
1985-11-20,2,36,13,34,25,110,3,2
1985-11-23,34,42,6,45,17,144,3,2
1985-11-27,39,36,25,24,26,150,3,2
1985-11-30,6,4,20,43,28,101,4,1
1985-12-04,25,8,45,18,19,115,2,3
1985-12-07,2,15,10,16,27,70,3,2
1985-12-11,34,45,13,11,18,121,2,3
1985-12-14,1,44,28,39,18,130,3,2
1985-12-18,23,34,35,29,15,136,1,4
1985-12-21,14,6,34,43,32,129,4,1
1985-12-25,10,12,14,1,44,81,4,1
1985-12-28,26,45,20,40,43,174,3,2
1986-01-01,27,12,49,16,8,112,3,2
1986-01-04,39,36,11,14,7,107,2,3
1986-01-08,42,29,10,27,44,152,3,2
1986-01-11,38,4,32,18,12,104,5,0
1986-01-15,27,6,13,46,10,102,3,2
1986-01-18,3,6,45,33,31,118,1,4
1986-01-22,49,6,28,25,7,115,2,3
1986-01-25,40,29,45,39,23,176,1,4
1986-01-29,12,41,4,6,47,110,3,2
1986-02-01,22,13,33,40,4,112,3,2
1986-02-05,38,43,3,6,26,116,3,2
1986-02-08,33,1,9,31,4,78,1,4
1986-02-12,37,25,9,8,12,91,2,3
1986-02-15,1,14,2,33,41,91,2,3
1986-02-19,48,15,11,33,2,109,2,3
1986-02-22,40,32,26,4,37,139,4,1
1986-02-26,49,22,47,10,38,166,3,2
1986-03-01,17,5,13,15,21,71,0,5
1986-03-05,5,30,25,22,10,92,3,2
1986-03-08,30,3,34,25,20,112,3,2
1986-03-12,9,46,13,19,37,124,1,4
1986-03-15,16,18,12,20,48,114,5,0
1986-03-19,18,19,44,30,22,133,4,1
1986-03-22,19,26,33,46,2,126,3,2
1986-03-26,6,35,9,33,32,115,2,3
1986-03-29,5,49,30,29,16,129,2,3
1986-04-02,39,11,31,49,4,134,1,4
1986-04-05,22,45,18,17,44,146,3,2
1986-04-09,10,47,39,27,41,164,1,4
1986-04-12,30,32,21,18,11,112,3,2
1986-04-16,14,26,20,2,49,111,4,1
1986-04-19,8,14,41,5,31,99,2,3
1986-04-23,12,25,17,46,32,132,3,2
1986-04-26,13,45,36,21,27,142,1,4
1986-04-30,49,7,45,13,36,150,1,4
1986-05-03,7,37,2,49,24,119,2,3
1986-05-07,2,6,3,27,44,82,3,2
1986-05-10,19,30,40,18,7,114,3,2
1986-05-14,39,20,37,32,38,166,3,2
1986-05-17,13,5,17,15,26,76,1,4
1986-05-21,24,18,38,22,31,133,4,1
1986-05-24,37,47,42,23,27,176,1,4
1986-05-28,3,2,21,16,49,91,2,3
1986-05-31,15,45,33,11,30,134,1,4
1986-06-04,22,49,29,35,46,181,2,3
1986-06-07,3,5,49,43,15,115,0,5
1986-06-11,22,6,44,11,43,126,3,2
1986-06-14,48,32,19,47,6,152,3,2
1986-06-18,38,22,23,48,39,170,3,2
1986-06-21,6,9,34,27,48,124,3,2
1986-06-25,14,35,43,45,7,144,1,4
1986-06-28,37,9,35,20,2,103,2,3
1986-07-02,29,16,7,35,32,119,2,3
1986-07-05,5,35,18,1,27,86,1,4
1986-07-09,43,11,36,27,22,139,2,3
1986-07-12,17,26,41,37,28,149,2,3
1986-07-16,21,46,36,32,38,173,4,1
1986-07-19,10,42,15,16,19,102,3,2
1986-07-23,16,25,35,22,2,100,3,2
1986-07-26,12,26,27,34,38,137,4,1
1986-07-30,36,47,44,16,15,158,3,2
1986-08-02,48,47,11,32,28,166,3,2
1986-08-06,22,29,24,34,43,152,3,2
1986-08-09,44,19,45,7,5,120,1,4
1986-08-13,21,4,25,24,45,119,2,3
1986-08-16,36,15,43,29,22,145,2,3
1986-08-20,18,17,46,44,40,165,4,1
1986-08-23,47,49,15,36,24,171,2,3
1986-08-27,19,39,48,15,28,149,2,3
1986-08-30,29,10,8,24,13,84,3,2
1986-09-03,19,35,11,13,20,98,1,4
1986-09-06,14,37,44,5,27,127,2,3
1986-09-10,47,33,9,43,35,167,0,5
1986-09-13,10,31,42,1,15,99,2,3
1986-09-17,31,13,32,7,49,132,1,4
1986-09-20,23,4,42,40,35,144,3,2
1986-09-24,8,44,38,30,34,154,5,0
1986-09-27,12,18,7,39,8,84,3,2
1986-10-01,24,25,3,7,15,74,1,4
1986-10-04,22,12,8,15,48,105,4,1
1986-10-08,8,16,26,9,31,90,3,2
1986-10-11,4,42,32,33,8,119,4,1
1986-10-15,16,4,7,26,17,70,3,2
1986-10-18,34,38,18,32,4,126,5,0
1986-10-22,5,44,30,28,27,134,3,2
1986-10-25,3,20,34,17,14,88,3,2
1986-10-29,16,31,14,36,11,108,3,2
1986-11-01,38,22,40,31,5,136,3,2
1986-11-05,29,48,3,26,45,151,2,3
1986-11-08,34,15,40,9,18,116,3,2
1986-11-12,21,6,22,46,33,128,3,2
1986-11-15,12,1,35,37,26,111,2,3
1986-11-19,23,25,3,2,15,68,1,4
1986-11-22,12,15,36,25,2,90,3,2
1986-11-26,41,43,30,26,31,171,2,3
1986-11-29,37,24,27,17,6,111,2,3
1986-12-03,17,30,2,32,45,126,3,2
1986-12-06,32,46,22,4,5,109,4,1
1986-12-10,15,8,11,14,16,64,3,2
1986-12-13,13,35,12,19,21,100,1,4
1986-12-17,2,23,31,14,38,108,3,2
1986-12-20,27,28,1,30,34,120,3,2
1986-12-24,38,49,46,13,11,157,2,3
1986-12-27,34,47,35,21,41,178,1,4
1986-12-31,38,47,44,39,9,177,2,3
1987-01-03,16,44,4,18,35,117,4,1
1987-01-07,36,39,20,33,16,144,3,2
1987-01-10,29,43,30,46,45,193,2,3
1987-01-14,37,14,26,25,39,141,2,3
1987-01-17,17,33,47,3,26,126,1,4
1987-01-21,20,37,3,26,36,122,3,2
1987-01-24,31,18,20,7,28,104,3,2
1987-01-28,22,37,41,19,44,163,2,3
1987-01-31,3,25,4,35,47,114,1,4
1987-02-04,42,11,45,22,35,155,2,3
1987-02-07,6,37,31,15,5,94,1,4
1987-02-11,46,44,40,21,25,176,3,2
1987-02-14,39,42,8,11,29,129,2,3
1987-02-18,7,35,3,48,31,124,1,4
1987-02-21,42,15,44,38,17,156,3,2
1987-02-25,28,39,11,43,6,127,2,3
1987-02-28,47,22,24,39,9,141,2,3
1987-03-04,2,39,27,34,48,150,3,2
1987-03-07,10,33,18,1,48,110,3,2
1987-03-11,42,13,44,10,24,133,4,1
1987-03-14,40,48,29,6,37,160,3,2
1987-03-18,15,35,8,3,34,95,2,3
1987-03-21,21,6,38,28,30,123,4,1
1987-03-25,30,23,43,20,44,160,3,2
1987-03-28,32,23,42,34,21,152,3,2
1987-04-01,2,32,48,26,44,152,5,0
1987-04-04,10,22,45,12,34,123,4,1
1987-04-08,43,7,14,13,48,125,2,3
1987-04-11,41,9,48,10,45,153,2,3
1987-04-15,5,29,41,42,6,123,2,3
1987-04-18,10,29,49,26,6,120,3,2
1987-04-22,1,32,7,27,31,98,1,4
1987-04-25,6,35,37,38,13,129,2,3
1987-04-29,13,30,1,47,21,112,1,4
1987-05-02,33,29,5,15,19,101,0,5
1987-05-06,18,34,8,2,28,90,5,0
1987-05-09,29,43,17,16,15,120,1,4
1987-05-13,28,38,44,7,40,157,4,1
1987-05-16,29,42,38,18,39,166,3,2
1987-05-20,31,30,48,39,7,155,2,3
1987-05-23,44,20,43,48,17,172,3,2
1987-05-27,33,38,7,49,17,144,1,4
1987-05-30,23,42,8,33,2,108,3,2
1987-06-03,33,47,27,20,45,172,1,4
1987-06-06,17,6,40,16,4,83,4,1
1987-06-10,48,1,23,32,39,143,2,3
1987-06-13,31,15,25,26,38,135,2,3
1987-06-17,13,34,7,29,15,98,1,4
1987-06-20,5,38,14,30,13,100,3,2
1987-06-24,27,43,39,35,12,156,1,4
1987-06-27,2,48,46,21,35,152,3,2
1987-07-01,7,6,25,46,13,97,2,3
1987-07-04,26,45,14,20,36,141,4,1
1987-07-08,7,12,48,25,5,97,2,3
1987-07-11,42,7,11,29,28,117,2,3
1987-07-15,26,20,25,47,8,126,3,2
1987-07-18,38,26,31,23,22,140,3,2
1987-07-22,24,6,9,16,8,63,4,1
1987-07-25,7,11,2,27,24,71,2,3
1987-07-29,16,26,6,15,49,112,3,2
1987-08-01,38,24,37,39,20,158,3,2
1987-08-05,43,22,2,1,15,83,2,3
1987-08-08,18,46,41,16,35,156,3,2
1987-08-12,24,20,49,48,13,154,3,2
1987-08-15,13,46,22,27,37,145,2,3
1987-08-19,4,25,36,29,2,96,3,2
1987-08-22,36,28,25,27,23,139,2,3
1987-08-26,16,43,8,42,6,115,4,1
1987-08-29,41,34,42,25,14,156,3,2
1987-09-02,18,24,47,1,20,110,3,2
1987-09-05,6,19,16,46,34,121,4,1
1987-09-09,18,23,33,44,19,137,2,3
1987-09-12,26,17,9,43,34,129,2,3
1987-09-16,44,12,16,40,43,155,4,1
1987-09-19,18,11,4,14,13,60,3,2
1987-09-23,19,3,11,46,12,91,2,3
1987-09-26,13,48,41,43,22,167,2,3
1987-09-30,36,2,34,38,22,132,5,0
1987-10-03,2,4,44,29,19,98,3,2
1987-10-07,21,4,39,15,23,102,1,4
1987-10-10,2,39,10,43,46,140,3,2
1987-10-14,40,46,21,13,12,132,3,2
1987-10-17,14,22,28,18,23,105,4,1
1987-10-21,14,31,18,45,13,121,2,3
1987-10-24,33,37,49,39,12,170,1,4
1987-10-28,20,34,15,44,38,151,4,1
1987-10-31,41,32,15,48,5,141,2,3
1987-11-04,11,33,38,46,13,141,2,3
1987-11-07,18,47,21,7,2,95,2,3
1987-11-11,47,26,35,46,13,167,2,3
1987-11-14,40,17,15,6,8,86,3,2
1987-11-18,44,42,38,48,8,180,5,0
1987-11-21,47,16,31,49,18,161,2,3
1987-11-25,3,10,29,49,25,116,1,4
1987-11-28,10,39,12,42,11,114,3,2
1987-12-02,26,4,44,21,3,98,3,2
1987-12-05,43,9,26,49,16,143,2,3
1987-12-09,37,3,8,23,24,95,2,3
1987-12-12,34,33,41,12,40,160,3,2
1987-12-16,32,12,40,27,36,147,4,1
1987-12-19,45,4,33,49,15,146,1,4
1987-12-23,44,23,14,43,3,127,2,3
1987-12-26,30,23,27,15,29,124,1,4
1987-12-30,11,17,1,25,19,73,0,5
1988-01-02,6,4,7,18,43,78,3,2
1988-01-06,40,16,45,22,44,167,4,1
1988-01-09,38,21,24,43,36,162,3,2
1988-01-13,23,10,39,27,18,117,2,3
1988-01-16,18,19,8,48,14,107,4,1
1988-01-20,11,32,26,29,49,147,2,3
1988-01-23,18,41,1,28,43,131,2,3
1988-01-27,47,1,23,38,18,127,2,3
1988-01-30,34,5,8,41,46,134,3,2
1988-02-03,47,11,41,3,29,131,0,5
1988-02-06,21,31,37,38,8,135,2,3
1988-02-10,36,10,47,32,45,170,3,2
1988-02-13,23,30,8,29,41,131,2,3
1988-02-17,11,48,45,36,34,174,3,2
1988-02-20,20,41,33,35,25,154,1,4
1988-02-24,4,26,32,9,35,106,3,2
1988-02-27,28,34,37,39,46,184,3,2
1988-03-02,28,49,21,20,19,137,2,3
1988-03-05,16,23,29,31,5,104,1,4
1988-03-09,14,5,31,46,43,139,2,3
1988-03-12,36,16,7,3,41,103,2,3
1988-03-16,28,5,18,35,16,102,3,2
1988-03-19,15,23,45,17,43,143,0,5
1988-03-23,1,20,16,30,29,96,3,2
1988-03-26,16,7,6,40,28,97,4,1
1988-03-30,24,37,40,31,14,146,3,2
1988-04-02,27,16,1,48,22,114,3,2
1988-04-06,14,18,21,26,42,121,4,1
1988-04-09,43,17,47,8,38,153,2,3
1988-04-13,4,35,36,16,11,102,3,2
1988-04-16,13,17,43,5,29,107,0,5
1988-04-20,16,3,17,33,9,78,1,4
1988-04-23,49,39,47,16,12,163,2,3
1988-04-27,7,24,36,31,5,103,2,3
1988-04-30,32,14,4,19,9,78,3,2
1988-05-04,7,17,5,15,14,58,1,4
1988-05-07,26,15,24,6,27,98,3,2
1988-05-11,32,19,8,7,4,70,3,2
1988-05-14,46,23,10,33,30,142,3,2
1988-05-18,21,13,24,3,20,81,2,3
1988-05-21,19,46,14,38,21,138,3,2
1988-05-25,27,36,40,8,24,135,4,1
1988-05-28,49,20,16,24,37,146,3,2
1988-06-01,13,48,4,33,11,109,2,3
1988-06-04,26,23,25,47,15,136,1,4
1988-06-08,8,45,16,12,3,84,3,2
1988-06-11,40,41,7,22,36,146,3,2
1988-06-15,29,8,42,48,7,134,3,2
1988-06-18,38,10,36,2,26,112,5,0
1988-06-22,48,33,19,12,24,136,3,2
1988-06-25,36,20,39,17,6,118,3,2
1988-06-29,40,44,32,33,26,175,4,1
1988-07-02,45,19,2,9,31,106,1,4
1988-07-06,25,34,3,5,32,99,2,3
1988-07-09,42,36,39,7,27,151,2,3
1988-07-13,17,14,18,37,3,89,2,3
1988-07-16,33,41,18,35,45,172,1,4
1988-07-20,49,4,20,8,16,97,4,1
1988-07-23,38,11,23,49,25,146,1,4
1988-07-27,27,11,15,36,25,114,1,4
1988-07-30,35,46,16,33,31,161,2,3
1988-08-03,4,24,27,29,30,114,3,2
1988-08-06,1,44,24,46,38,153,4,1
1988-08-10,3,35,27,16,25,106,1,4
1988-08-13,28,10,32,23,1,94,3,2
1988-08-17,14,6,31,25,9,85,2,3
1988-08-20,20,15,23,25,47,130,1,4
1988-08-24,26,46,30,29,49,180,3,2
1988-08-27,24,40,14,18,2,98,5,0
1988-08-31,7,31,37,5,6,86,1,4
1988-09-03,25,42,36,14,1,118,3,2
1988-09-07,8,17,6,28,29,88,3,2
1988-09-10,23,16,15,9,12,75,2,3
1988-09-14,6,13,4,18,44,85,4,1
1988-09-17,39,16,48,36,32,171,4,1
1988-09-21,20,21,45,39,17,142,1,4
1988-09-24,5,40,49,26,33,153,2,3
1988-09-28,22,11,19,36,30,118,3,2
1988-10-01,4,31,46,49,16,146,3,2
1988-10-05,32,42,6,24,5,109,4,1
1988-10-08,28,25,29,35,43,160,1,4
1988-10-12,24,47,22,33,20,146,3,2
1988-10-15,21,19,48,24,1,113,2,3
1988-10-19,21,37,5,19,44,126,1,4
1988-10-22,12,16,41,8,21,98,3,2
1988-10-26,17,34,33,24,8,116,3,2
1988-10-29,11,4,9,8,32,64,3,2
1988-11-02,18,46,38,22,10,134,5,0
1988-11-05,7,26,41,33,49,156,1,4
1988-11-09,20,14,45,12,3,94,3,2
1988-11-12,1,8,20,48,45,122,3,2
1988-11-16,26,13,10,37,30,116,3,2
1988-11-19,36,25,2,3,5,71,2,3
1988-11-23,10,14,31,9,48,112,3,2
1988-11-26,6,5,8,34,45,98,3,2
1988-11-30,34,42,11,27,36,150,3,2
1988-12-03,2,38,21,31,11,103,2,3
1988-12-07,34,6,43,8,12,103,4,1
1988-12-10,47,19,25,31,40,162,1,4
1988-12-14,20,5,32,3,7,67,2,3
1988-12-17,41,2,39,8,7,97,2,3
1988-12-21,30,20,23,32,21,126,3,2
1988-12-24,40,43,13,22,23,141,2,3
1988-12-28,1,34,15,22,26,98,3,2
1988-12-31,40,46,42,30,33,191,4,1
1989-01-04,16,8,7,40,19,90,3,2
1989-01-07,24,3,12,1,42,82,3,2
1989-01-11,49,38,28,34,43,192,3,2
1989-01-14,22,39,49,25,10,145,2,3
1989-01-18,1,22,31,2,43,99,2,3
1989-01-21,17,36,32,42,33,160,3,2
1989-01-25,27,31,16,19,15,108,1,4
1989-01-28,43,1,5,48,24,121,2,3
1989-02-01,14,42,41,30,9,136,3,2
1989-02-04,40,21,18,22,46,147,4,1
1989-02-08,17,37,30,48,23,155,2,3
1989-02-11,3,33,9,25,8,78,1,4
1989-02-15,8,30,45,28,26,137,4,1
1989-02-18,4,26,27,32,18,107,4,1
1989-02-22,14,32,16,3,15,80,3,2
1989-02-25,36,35,22,16,37,146,3,2
1989-03-01,49,38,35,2,21,145,2,3
1989-03-04,18,49,29,13,31,140,1,4
1989-03-08,34,9,13,42,35,133,2,3
1989-03-11,19,26,30,20,45,140,3,2
1989-03-15,8,17,37,3,28,93,2,3
1989-03-18,3,31,22,13,42,111,2,3
1989-03-22,35,41,20,49,33,178,1,4
1989-03-25,17,16,45,37,25,140,1,4
1989-03-29,11,4,19,2,22,58,3,2
1989-04-01,24,44,1,17,38,124,3,2
1989-04-05,21,39,31,6,33,130,1,4
1989-04-08,30,18,42,2,24,116,5,0
1989-04-12,24,6,16,41,26,113,4,1
1989-04-15,36,29,34,10,13,122,3,2
1989-04-19,11,1,10,18,16,56,3,2
1989-04-22,36,22,6,48,41,153,4,1
1989-04-26,29,1,8,31,33,102,1,4
1989-04-29,34,12,5,46,33,130,3,2
1989-05-03,49,41,42,39,18,189,2,3
1989-05-06,36,10,46,41,24,157,4,1
1989-05-10,19,46,38,30,34,167,4,1
1989-05-13,14,1,34,4,8,61,4,1
1989-05-17,6,22,24,47,11,110,3,2
1989-05-20,17,32,36,31,16,132,3,2
1989-05-24,47,7,35,49,2,140,1,4
1989-05-27,5,24,45,18,34,126,3,2
1989-05-31,37,32,19,48,1,137,2,3
1989-06-03,36,33,47,14,26,156,3,2
1989-06-07,3,23,26,13,4,69,2,3
1989-06-10,43,18,4,45,12,122,3,2
1989-06-14,47,37,27,19,18,148,1,4
1989-06-17,17,33,28,21,49,148,1,4
1989-06-21,31,4,20,32,8,95,4,1
1989-06-24,14,30,34,38,33,149,4,1
1989-06-28,10,4,25,34,14,87,4,1
1989-07-01,37,45,4,43,38,167,2,3
1989-07-05,16,37,36,38,27,154,3,2
1989-07-08,21,19,38,11,23,112,1,4
1989-07-12,40,6,23,21,19,109,2,3
1989-07-15,4,18,30,19,37,108,3,2
1989-07-19,16,29,28,44,20,137,4,1
1989-07-22,34,9,44,42,15,144,3,2
1989-07-26,28,4,3,24,48,107,4,1
1989-07-29,17,7,18,24,45,111,2,3
1989-08-02,27,11,49,41,35,163,0,5
1989-08-05,23,39,44,40,38,184,3,2
1989-08-09,10,19,20,44,39,132,3,2
1989-08-12,26,37,8,20,19,110,3,2
1989-08-16,49,5,40,28,20,142,3,2
1989-08-19,11,5,46,22,1,85,2,3
1989-08-23,5,37,19,25,44,130,1,4
1989-08-26,18,16,31,21,38,124,3,2
1989-08-30,19,4,46,35,15,119,2,3
1989-09-02,40,36,34,39,22,171,4,1
1989-09-06,16,14,46,11,38,125,4,1
1989-09-09,38,42,23,36,11,150,3,2
1989-09-13,26,41,25,37,38,167,2,3
1989-09-16,26,45,46,7,25,149,2,3
1989-09-20,10,24,46,18,35,133,4,1
1989-09-23,9,36,42,11,27,125,2,3
1989-09-27,17,40,30,16,20,123,4,1
1989-09-30,16,23,43,24,27,133,2,3
1989-10-04,9,19,45,29,18,120,1,4
1989-10-07,3,7,13,35,46,104,1,4
1989-10-11,17,15,5,43,45,125,0,5
1989-10-14,33,48,28,32,23,164,3,2
1989-10-18,41,48,23,9,4,125,2,3
1989-10-21,32,30,1,38,43,144,3,2
1989-10-25,24,18,15,45,28,130,3,2
1989-10-28,11,16,5,33,25,90,1,4
1989-11-01,42,10,47,26,30,155,4,1
1989-11-04,10,23,29,37,47,146,1,4
1989-11-08,43,21,19,10,35,128,1,4
1989-11-11,44,49,11,17,42,163,2,3
1989-11-15,24,34,29,38,46,171,4,1
1989-11-18,37,8,14,40,15,114,3,2
1989-11-22,39,8,32,22,21,122,3,2
1989-11-25,31,15,49,46,3,144,1,4
1989-11-29,30,35,11,22,40,138,3,2
1989-12-02,49,18,11,2,46,126,3,2
1989-12-06,45,10,33,21,20,129,2,3
1989-12-09,46,43,25,16,8,138,3,2
1989-12-13,38,46,6,4,40,134,5,0
1989-12-16,45,29,20,14,8,116,3,2
1989-12-20,19,36,7,43,38,143,2,3
1989-12-23,19,29,32,4,7,91,2,3
1989-12-27,39,37,20,27,43,166,1,4
1989-12-30,24,8,13,6,42,93,4,1
1990-01-03,31,30,5,44,8,118,3,2
1990-01-06,42,21,20,24,28,135,4,1
1990-01-10,25,37,26,48,2,138,3,2
1990-01-13,2,34,42,40,28,146,5,0
1990-01-17,29,14,37,2,46,128,3,2
1990-01-20,22,20,9,26,34,111,4,1
1990-01-24,12,45,11,22,13,103,2,3
1990-01-27,43,15,28,35,13,134,1,4
1990-01-31,20,8,28,3,14,73,4,1
1990-02-03,11,44,31,36,45,167,2,3
1990-02-07,49,23,21,42,8,143,2,3
1990-02-10,29,36,10,18,15,108,3,2
1990-02-14,16,48,49,22,44,179,4,1
1990-02-17,37,46,23,48,24,178,3,2
1990-02-21,19,26,1,9,43,98,1,4
1990-02-24,13,25,6,24,4,72,3,2
1990-02-28,37,28,41,20,4,130,3,2
1990-03-03,39,2,10,3,38,92,3,2
1990-03-07,25,49,8,14,9,105,2,3
1990-03-10,24,1,23,19,15,82,1,4
1990-03-14,29,3,38,46,9,125,2,3
1990-03-17,39,22,19,15,44,139,2,3
1990-03-21,30,17,2,42,49,140,3,2
1990-03-24,8,23,22,35,24,112,3,2
1990-03-28,28,4,20,44,19,115,4,1
1990-03-31,45,43,20,16,25,149,2,3
1990-04-04,18,34,6,8,32,98,5,0
1990-04-07,19,13,11,32,20,95,2,3
1990-04-11,49,30,18,43,33,173,2,3
1990-04-14,46,22,27,20,5,120,3,2
1990-04-18,44,31,48,13,20,156,3,2
1990-04-21,28,36,8,40,21,133,4,1
1990-04-25,37,49,11,2,28,127,2,3
1990-04-28,11,40,3,29,23,106,1,4
1990-05-02,14,12,36,3,19,84,3,2
1990-05-05,20,24,30,36,32,142,5,0
1990-05-09,16,39,32,14,9,110,3,2
1990-05-12,25,24,7,49,4,109,2,3
1990-05-16,5,44,26,45,27,147,2,3
1990-05-19,19,32,34,45,26,156,3,2
1990-05-23,16,7,40,10,20,93,4,1
1990-05-26,37,27,2,19,6,91,2,3
1990-05-30,20,15,41,3,16,95,2,3
1990-06-02,19,26,32,13,28,118,3,2
1990-06-06,23,44,17,32,12,128,3,2
1990-06-09,40,18,39,15,43,155,2,3
1990-06-13,21,33,36,24,18,132,3,2
1990-06-16,43,41,31,29,15,159,0,5
1990-06-20,46,31,16,35,5,133,2,3
1990-06-23,37,38,31,39,48,193,2,3
1990-06-27,47,42,29,8,1,127,2,3
1990-06-30,34,3,37,24,17,115,2,3
1990-07-04,8,37,49,18,15,127,2,3
1990-07-07,30,18,46,49,32,175,4,1
1990-07-11,33,20,29,25,47,154,1,4
1990-07-14,13,28,6,33,30,110,3,2
1990-07-18,40,13,46,45,32,176,3,2
1990-07-21,30,19,1,21,41,112,1,4
1990-07-25,4,7,16,32,20,79,4,1
1990-07-28,37,31,33,14,29,144,1,4
1990-08-01,49,2,45,19,16,131,2,3
1990-08-04,24,6,19,22,25,96,3,2
1990-08-08,29,18,37,26,44,154,3,2
1990-08-11,43,20,17,21,26,127,2,3
1990-08-15,45,44,49,15,47,200,1,4
1990-08-18,31,21,38,37,26,153,2,3
1990-08-22,49,7,22,16,28,122,3,2
1990-08-25,19,31,1,18,24,93,2,3
1990-08-29,38,21,25,46,5,135,2,3
1990-09-01,23,2,15,5,43,88,1,4
1990-09-05,12,42,30,9,10,103,4,1
1990-09-08,10,3,38,20,7,78,3,2
1990-09-12,16,22,9,49,47,143,2,3
1990-09-12,39,27,41,43,7,157,0,5
1990-09-15,41,2,6,37,48,134,3,2
1990-09-15,46,47,41,49,7,190,1,4
1990-09-19,6,48,5,3,34,96,3,2
1990-09-19,35,6,27,49,21,138,1,4
1990-09-22,5,40,39,21,47,152,1,4
1990-09-22,48,30,11,33,13,135,2,3
1990-09-26,46,22,38,7,42,155,4,1
1990-09-26,28,42,49,40,37,196,3,2
1990-09-29,4,6,33,13,8,64,3,2
1990-09-29,12,7,39,8,4,70,3,2
1990-10-03,9,14,24,5,2,54,3,2
1990-10-03,40,48,36,35,23,182,3,2
1990-10-06,44,24,31,25,4,128,3,2
1990-10-06,24,13,48,8,42,135,4,1
1990-10-10,43,11,17,39,38,148,1,4
1990-10-10,6,21,23,32,37,119,2,3
1990-10-13,34,1,41,23,22,121,2,3
1990-10-13,16,25,21,31,33,126,1,4
1990-10-17,26,29,19,30,49,153,2,3
1990-10-17,3,26,9,11,5,54,1,4
1990-10-20,22,37,15,4,35,113,2,3
1990-10-20,3,1,30,12,6,52,3,2
1990-10-24,6,29,10,17,40,102,3,2
1990-10-24,3,30,49,48,41,171,2,3
1990-10-27,8,24,14,5,39,90,3,2
1990-10-27,4,5,28,11,10,58,3,2
1990-10-31,30,36,15,34,1,116,3,2
1990-10-31,24,16,1,5,18,64,3,2
1990-11-03,47,38,34,30,19,168,3,2
1990-11-03,30,18,15,45,33,141,2,3
1990-11-07,1,36,44,21,38,140,3,2
1990-11-07,10,19,14,1,48,92,3,2
1990-11-10,33,8,45,27,5,118,1,4
1990-11-10,40,31,23,38,32,164,3,2
1990-11-14,40,30,47,23,43,183,2,3
1990-11-14,6,5,49,20,41,121,2,3
1990-11-17,26,18,29,49,21,143,2,3
1990-11-17,31,12,15,5,33,96,1,4
1990-11-21,30,49,13,44,45,181,2,3
1990-11-21,28,42,9,38,35,152,3,2
1990-11-24,17,16,33,3,5,74,1,4
1990-11-24,40,13,36,5,27,121,2,3
1990-11-28,45,43,26,49,46,209,2,3
1990-11-28,2,34,21,45,32,134,3,2
1990-12-01,17,20,7,32,16,92,3,2
1990-12-01,1,10,34,16,48,109,4,1
1990-12-05,24,32,2,23,46,127,4,1
1990-12-05,27,15,22,14,4,82,3,2
1990-12-08,22,9,27,6,24,88,3,2
1990-12-08,1,20,12,28,30,91,4,1
1990-12-12,12,7,5,13,47,84,1,4
1990-12-12,43,40,2,45,33,163,2,3
1990-12-15,19,48,3,37,17,124,1,4
1990-12-15,37,42,2,49,30,160,3,2
1990-12-19,33,41,49,3,2,128,1,4
1990-12-19,3,24,36,6,43,112,3,2
1990-12-22,7,45,17,5,31,105,0,5
1990-12-22,1,5,43,9,8,66,1,4
1990-12-26,33,1,9,41,3,87,0,5
1990-12-26,7,16,25,8,19,75,2,3
1990-12-29,29,32,15,28,14,118,3,2
1990-12-29,32,38,6,33,47,156,3,2
1991-01-02,6,4,8,45,11,74,3,2
1991-01-02,49,38,30,1,31,149,2,3
1991-01-05,36,15,13,26,19,109,2,3
1991-01-05,8,46,13,39,32,138,3,2
1991-01-09,6,11,43,32,29,121,2,3
1991-01-09,25,44,16,37,34,156,3,2
1991-01-12,21,29,3,49,27,129,0,5
1991-01-12,41,40,1,45,46,173,2,3
1991-01-16,43,9,38,4,7,101,2,3
1991-01-16,47,7,2,32,17,105,2,3
1991-01-19,28,20,12,4,27,91,4,1
1991-01-19,17,5,43,35,47,147,0,5
1991-01-23,41,16,33,3,20,113,2,3
1991-01-23,19,20,38,39,12,128,3,2
1991-01-26,40,2,19,3,32,96,3,2
1991-01-26,38,42,5,27,23,135,2,3
1991-01-30,5,14,34,38,46,137,4,1
1991-01-30,37,5,26,17,2,87,2,3
1991-02-02,38,4,26,23,48,139,4,1
1991-02-02,22,7,11,3,38,81,2,3
1991-02-06,6,12,39,16,11,84,3,2
1991-02-06,47,32,44,18,30,171,4,1
1991-02-09,7,41,47,19,40,154,1,4
1991-02-09,2,18,12,35,24,91,4,1
1991-02-13,8,42,11,44,13,118,3,2
1991-02-13,23,47,41,1,40,152,1,4
1991-02-16,44,4,20,19,10,97,4,1
1991-02-16,19,35,47,20,6,127,2,3
1991-02-20,10,32,24,3,18,87,4,1
1991-02-20,23,17,42,29,36,147,2,3
1991-02-23,10,44,28,6,1,89,4,1
1991-02-23,25,19,1,21,15,81,0,5
1991-02-27,48,9,25,17,31,130,1,4
1991-02-27,30,26,4,23,48,131,4,1
1991-03-02,41,49,30,4,12,136,3,2
1991-03-02,32,14,46,18,5,115,4,1
1991-03-06,21,38,24,32,42,157,4,1
1991-03-06,27,36,43,48,14,168,3,2
1991-03-09,16,18,3,45,6,88,3,2
1991-03-09,37,38,27,21,6,129,2,3
1991-03-13,36,4,42,26,31,139,4,1
1991-03-13,34,8,38,48,9,137,4,1
1991-03-16,7,22,40,11,23,103,2,3
1991-03-16,13,45,35,20,46,159,2,3
1991-03-20,31,1,7,45,35,119,0,5
1991-03-20,1,38,23,37,35,134,1,4
1991-03-23,15,22,33,9,40,119,2,3
1991-03-23,37,13,26,3,18,97,2,3
1991-03-27,38,27,34,48,14,161,4,1
1991-03-27,45,2,15,5,39,106,1,4
1991-03-30,12,29,33,31,10,115,2,3
1991-03-30,21,19,31,1,28,100,1,4
1991-04-03,30,21,14,13,3,81,2,3
1991-04-03,37,12,39,33,46,167,2,3
1991-04-06,1,33,41,39,8,122,1,4
1991-04-06,23,14,1,33,35,106,1,4
1991-04-10,49,13,4,14,12,92,3,2
1991-04-10,2,36,22,23,21,104,3,2
1991-04-13,40,2,18,46,10,116,5,0
1991-04-13,31,49,37,41,39,197,0,5
1991-04-17,8,49,30,6,15,108,3,2
1991-04-17,10,14,21,13,28,86,3,2
1991-04-20,44,32,28,43,46,193,4,1
1991-04-20,40,11,25,8,6,90,3,2
1991-04-24,5,7,21,32,44,109,2,3
1991-04-24,31,6,22,28,9,96,3,2
1991-04-27,3,34,36,48,37,158,3,2
1991-04-27,45,4,21,39,36,145,2,3
1991-05-01,34,2,10,5,40,91,4,1
1991-05-01,2,42,29,47,28,148,3,2
1991-05-04,21,49,24,9,6,109,2,3
1991-05-04,32,31,21,40,49,173,2,3
1991-05-08,3,36,21,19,15,94,1,4
1991-05-08,6,5,48,34,10,103,4,1
1991-05-11,10,14,1,20,17,62,3,2
1991-05-11,16,2,30,49,28,125,4,1
1991-05-15,21,6,44,47,46,164,3,2
1991-05-15,3,36,41,21,11,112,1,4
1991-05-18,18,39,30,38,12,137,4,1
1991-05-18,29,9,41,17,13,109,0,5
1991-05-22,27,18,48,42,4,139,4,1
1991-05-22,27,12,37,32,7,115,2,3
1991-05-25,9,8,45,11,44,117,2,3
1991-05-25,24,22,9,44,35,134,3,2
1991-05-29,36,3,12,1,8,60,3,2
1991-05-29,9,17,42,40,33,141,2,3
1991-06-01,23,27,5,8,43,106,1,4
1991-06-01,43,19,46,32,45,185,2,3
1991-06-05,9,39,19,15,37,119,0,5
1991-06-05,40,17,37,19,3,116,1,4
1991-06-08,7,31,30,42,13,123,2,3
1991-06-08,18,43,34,16,35,146,3,2
1991-06-12,41,13,30,1,9,94,1,4
1991-06-12,19,23,49,12,7,110,1,4
1991-06-15,39,8,3,30,22,102,3,2
1991-06-15,25,5,7,30,19,86,1,4
1991-06-19,24,37,49,32,46,188,3,2
1991-06-19,39,32,27,37,6,141,2,3
1991-06-22,44,10,35,5,24,118,3,2
1991-06-22,20,13,38,29,12,112,3,2
1991-06-26,4,14,10,22,9,59,4,1
1991-06-26,21,32,35,16,3,107,2,3
1991-06-29,35,31,24,47,9,146,1,4
1991-06-29,41,40,5,16,19,121,2,3
1991-07-03,26,22,29,45,36,158,3,2
1991-07-03,11,21,19,32,36,119,2,3
1991-07-06,35,9,6,29,7,86,1,4
1991-07-06,35,18,47,9,4,113,2,3
1991-07-10,19,49,45,27,44,184,1,4
1991-07-10,3,22,28,38,7,98,3,2
1991-07-13,34,32,42,13,29,150,3,2
1991-07-13,1,6,36,28,37,108,3,2
1991-07-17,21,8,19,10,28,86,3,2
1991-07-17,47,26,40,15,6,134,3,2
1991-07-20,10,39,24,36,15,124,3,2
1991-07-20,2,6,49,43,22,122,3,2
1991-07-24,9,45,38,22,26,140,3,2
1991-07-24,37,47,10,8,32,134,3,2
1991-07-27,42,18,14,4,20,98,5,0
1991-07-27,34,42,1,24,39,140,3,2
1991-07-31,19,49,32,4,26,130,3,2
1991-07-31,30,40,44,20,38,172,5,0
1991-08-03,6,36,23,16,20,101,4,1
1991-08-03,13,30,20,7,46,116,3,2
1991-08-07,3,1,16,39,13,72,1,4
1991-08-07,17,3,21,27,42,110,1,4
1991-08-10,31,44,26,39,18,158,3,2
1991-08-10,44,41,6,45,15,151,2,3
1991-08-14,19,12,49,36,34,150,3,2
1991-08-14,38,49,18,23,3,131,2,3
1991-08-17,49,4,30,28,48,159,4,1
1991-08-17,35,17,44,24,46,166,3,2
1991-08-21,38,33,11,37,20,139,2,3
1991-08-21,44,6,27,9,11,97,2,3
1991-08-24,36,5,43,28,45,157,2,3
1991-08-24,5,31,35,28,18,117,2,3
1991-08-28,42,8,40,13,19,122,3,2
1991-08-28,22,16,40,7,1,86,3,2
1991-08-31,7,43,19,49,44,162,1,4
1991-08-31,36,28,34,25,12,135,4,1
1991-09-04,9,25,10,35,12,91,2,3
1991-09-04,2,15,34,25,17,93,2,3
1991-09-07,4,11,38,28,49,130,3,2
1991-09-07,46,27,25,43,14,155,2,3
1991-09-11,31,36,26,43,49,185,2,3
1991-09-11,25,12,34,43,5,119,2,3
1991-09-14,34,24,16,5,45,124,3,2
1991-09-14,34,13,14,45,37,143,2,3
1991-09-18,17,16,1,30,2,66,3,2
1991-09-18,21,29,33,15,44,142,1,4
1991-09-21,21,14,17,10,44,106,3,2
1991-09-21,17,39,47,21,40,164,1,4
1991-09-25,8,48,45,44,26,171,4,1
1991-09-25,26,49,36,23,7,141,2,3
1991-09-28,13,27,4,6,39,89,2,3
1991-09-28,49,14,4,46,16,129,4,1
1991-10-02,40,45,16,18,43,162,3,2
1991-10-02,15,2,18,28,34,97,4,1
1991-10-05,12,40,31,28,26,137,4,1
1991-10-05,11,36,23,27,24,121,2,3
1991-10-09,2,7,47,26,30,112,3,2
1991-10-09,29,33,23,22,25,132,1,4
1991-10-12,6,44,1,25,26,102,3,2
1991-10-12,34,31,14,28,11,118,3,2
1991-10-16,13,41,30,1,36,121,2,3
1991-10-16,18,34,38,15,7,112,3,2
1991-10-19,24,20,28,12,1,85,4,1
1991-10-19,43,47,17,11,34,152,1,4
1991-10-23,23,10,35,12,5,85,2,3
1991-10-23,42,14,47,45,35,183,2,3
1991-10-26,45,33,14,1,16,109,2,3
1991-10-26,27,6,16,15,41,105,2,3
1991-10-30,8,27,46,10,6,97,4,1
1991-10-30,38,37,39,29,35,178,1,4
1991-11-02,49,40,36,16,41,182,3,2
1991-11-02,46,34,35,15,43,173,2,3
1991-11-06,9,2,24,48,18,101,4,1
1991-11-06,30,7,37,48,49,171,2,3
1991-11-09,20,4,42,1,40,107,4,1
1991-11-09,24,38,9,23,18,112,3,2
1991-11-13,42,49,14,34,12,151,4,1
1991-11-13,42,16,15,22,26,121,4,1
1991-11-16,40,28,35,34,27,164,3,2
1991-11-16,44,9,16,38,23,130,3,2
1991-11-20,46,10,12,49,3,120,3,2
1991-11-20,42,35,20,24,18,139,4,1
1991-11-23,31,7,13,32,23,106,1,4
1991-11-23,49,45,15,42,36,187,2,3
1991-11-27,45,10,13,48,34,150,3,2
1991-11-27,9,33,38,16,45,141,2,3
1991-11-30,5,12,17,27,21,82,1,4
1991-11-30,30,2,25,32,1,90,3,2
1991-12-04,35,48,36,23,39,181,2,3
1991-12-04,7,43,34,47,33,164,1,4
1991-12-07,44,30,12,40,10,136,5,0
1991-12-07,37,16,7,8,31,99,2,3
1991-12-11,8,22,40,9,38,117,4,1
1991-12-11,47,39,11,43,4,144,1,4
1991-12-14,15,23,2,33,24,97,2,3
1991-12-14,35,33,9,23,19,119,0,5
1991-12-18,49,12,14,36,40,151,4,1
1991-12-18,35,32,47,2,9,125,2,3
1991-12-21,18,28,3,7,34,90,3,2
1991-12-21,2,29,18,39,41,129,2,3
1991-12-25,24,25,27,28,49,153,2,3
1991-12-25,15,25,3,26,22,91,2,3
1991-12-28,18,35,8,44,3,108,3,2
1991-12-28,17,1,28,33,45,124,1,4
1992-01-01,28,42,35,1,13,119,2,3
1992-01-01,4,37,20,25,26,112,3,2
1992-01-04,44,13,42,33,37,169,2,3
1992-01-04,31,16,9,23,20,99,2,3
1992-01-08,48,40,21,31,17,157,2,3
1992-01-08,5,7,11,47,25,95,0,5
1992-01-11,23,21,8,47,27,126,1,4
1992-01-11,4,44,14,37,2,101,4,1
1992-01-15,32,24,28,29,46,159,4,1
1992-01-15,2,32,20,1,22,77,4,1
1992-01-18,31,27,16,46,1,121,2,3
1992-01-18,25,7,18,24,27,101,2,3
1992-01-22,41,4,7,23,39,114,1,4
1992-01-22,36,10,16,26,17,105,4,1
1992-01-25,10,27,8,6,39,90,3,2
1992-01-25,45,38,27,29,3,142,1,4
1992-01-29,5,43,48,23,25,144,1,4
1992-01-29,41,37,29,6,33,146,1,4
1992-02-01,20,19,3,42,18,102,3,2
1992-02-01,17,23,9,35,39,123,0,5
1992-02-05,25,43,22,49,48,187,2,3
1992-02-05,37,38,29,24,26,154,3,2
1992-02-08,3,9,34,1,18,65,2,3
1992-02-08,24,25,29,34,39,151,2,3
1992-02-12,25,5,12,10,9,61,2,3
1992-02-12,30,24,25,42,47,168,3,2
1992-02-15,44,47,24,42,37,194,3,2
1992-02-15,36,7,44,31,9,127,2,3
1992-02-19,28,38,47,40,45,198,3,2
1992-02-19,41,8,9,14,24,96,3,2
1992-02-22,38,45,31,17,5,136,1,4
1992-02-22,1,29,35,13,43,121,0,5
1992-02-26,43,47,26,8,14,138,3,2
1992-02-26,22,42,12,44,4,124,5,0
1992-02-29,32,41,37,38,30,178,3,2
1992-02-29,47,6,25,28,38,144,3,2
1992-03-04,30,15,35,1,46,127,2,3
1992-03-04,19,4,7,34,38,102,3,2
1992-03-07,48,11,24,32,23,138,3,2
1992-03-07,33,45,11,44,35,168,1,4
1992-03-11,22,10,29,16,27,104,3,2
1992-03-11,9,2,43,4,21,79,2,3
1992-03-14,7,8,1,4,23,43,2,3
1992-03-14,29,30,40,17,22,138,3,2
1992-03-18,30,20,1,46,6,103,4,1
1992-03-18,36,34,37,41,11,159,2,3
1992-03-21,18,4,8,37,10,77,4,1
1992-03-21,18,49,43,34,16,160,3,2
1992-03-25,21,13,30,39,43,146,1,4
1992-03-25,13,48,28,7,10,106,3,2
1992-03-28,36,21,23,6,47,133,2,3
1992-03-28,37,6,29,9,25,106,1,4
1992-04-01,7,42,37,47,25,158,1,4
1992-04-01,42,43,12,28,30,155,4,1
1992-04-04,36,16,6,35,32,125,4,1
1992-04-04,27,26,17,39,36,145,2,3
1992-04-08,39,16,18,48,30,151,4,1
1992-04-08,35,11,38,33,25,142,1,4
1992-04-11,36,13,43,11,5,108,1,4
1992-04-11,33,17,10,20,44,124,3,2
1992-04-15,15,38,14,45,6,118,3,2
1992-04-15,9,42,31,19,18,119,2,3
1992-04-18,3,49,4,21,36,113,2,3
1992-04-18,35,11,45,36,41,168,1,4
1992-04-22,16,43,24,30,5,118,3,2
1992-04-22,28,41,35,18,24,146,3,2
1992-04-25,33,4,47,20,28,132,3,2
1992-04-25,31,23,7,42,34,137,2,3
1992-04-29,25,45,16,20,39,145,2,3
1992-04-29,1,31,17,20,10,79,2,3
1992-05-02,33,5,11,47,26,122,1,4
1992-05-02,41,19,28,29,12,129,2,3
1992-05-06,23,38,18,36,21,136,3,2
1992-05-06,41,24,14,32,22,133,4,1
1992-05-09,20,26,34,30,42,152,5,0
1992-05-09,42,30,47,29,10,158,3,2
1992-05-13,9,18,14,42,48,131,4,1
1992-05-13,45,12,17,35,24,133,2,3
1992-05-16,41,11,14,24,46,136,3,2
1992-05-16,24,5,6,27,19,81,2,3
1992-05-20,1,18,33,25,47,124,1,4
1992-05-20,43,41,29,36,49,198,1,4
1992-05-23,1,44,5,11,43,104,1,4
1992-05-23,31,7,33,32,13,116,1,4
1992-05-27,34,38,11,17,27,127,2,3
1992-05-27,4,1,48,26,25,104,3,2
1992-05-30,9,26,34,27,39,135,2,3
1992-05-30,4,28,46,34,10,122,5,0
1992-06-03,5,17,44,24,2,92,3,2
1992-06-03,38,20,41,2,35,136,3,2
1992-06-06,4,19,3,16,48,90,3,2
1992-06-06,14,45,5,12,29,105,2,3
1992-06-10,32,4,8,29,10,83,4,1
1992-06-10,4,30,23,18,48,123,4,1
1992-06-13,8,23,6,11,27,75,2,3
1992-06-13,45,11,12,9,23,100,1,4
1992-06-17,43,30,5,36,24,138,3,2
1992-06-17,7,6,40,25,45,123,2,3
1992-06-20,11,23,6,35,17,92,1,4
1992-06-20,8,23,40,10,19,100,3,2
1992-06-24,41,2,26,12,11,92,3,2
1992-06-24,14,10,20,41,31,116,3,2
1992-06-27,48,15,22,47,11,143,2,3
1992-06-27,5,20,8,46,7,86,3,2
1992-07-01,41,29,35,48,7,160,1,4
1992-07-01,44,42,29,48,5,168,3,2
1992-07-04,22,43,31,18,4,118,3,2
1992-07-04,39,46,8,17,10,120,3,2
1992-07-08,14,29,34,13,4,94,3,2
1992-07-08,1,31,13,44,40,129,2,3
1992-07-11,42,45,23,32,12,154,3,2
1992-07-11,46,28,2,25,45,146,3,2
1992-07-15,43,15,33,3,32,126,1,4
1992-07-15,43,36,8,17,7,111,2,3
1992-07-18,7,22,2,46,15,92,3,2
1992-07-18,36,12,28,11,41,128,3,2
1992-07-22,17,11,27,26,36,117,2,3
1992-07-22,36,40,37,16,1,130,3,2
1992-07-25,33,46,18,13,39,149,2,3
1992-07-25,25,15,32,43,22,137,2,3
1992-07-29,43,1,34,47,42,167,2,3
1992-07-29,34,15,37,7,35,128,1,4
1992-08-01,17,25,41,7,27,117,0,5
1992-08-01,39,11,12,42,4,108,3,2
1992-08-05,31,10,47,36,34,158,3,2
1992-08-05,8,10,30,2,22,72,5,0
1992-08-08,17,6,35,36,1,95,2,3
1992-08-08,49,6,47,34,23,159,2,3
1992-08-12,24,43,11,16,48,142,3,2
1992-08-12,14,16,11,44,7,92,3,2
1992-08-15,32,38,9,26,35,140,3,2
1992-08-15,5,17,40,20,37,119,2,3
1992-08-19,8,26,45,31,6,116,3,2
1992-08-19,5,6,37,41,33,122,1,4
1992-08-22,3,40,35,14,26,118,3,2
1992-08-22,49,48,11,30,7,145,2,3
1992-08-26,18,1,8,9,3,39,2,3
1992-08-26,28,23,2,27,35,115,2,3
1992-08-29,12,38,45,11,6,112,3,2
1992-08-29,8,26,13,44,17,108,3,2
1992-09-02,26,12,1,22,40,101,4,1
1992-09-02,48,1,45,33,30,157,2,3
1992-09-05,9,26,37,41,44,157,2,3
1992-09-05,1,6,31,32,46,116,3,2
1992-09-09,28,22,27,49,19,145,2,3
1992-09-09,12,13,18,1,20,64,3,2
1992-09-12,23,42,47,8,41,161,2,3
1992-09-12,17,29,32,4,16,98,3,2
1992-09-16,36,21,24,23,44,148,3,2
1992-09-16,24,36,44,3,23,130,3,2
1992-09-19,11,18,39,17,33,118,1,4
1992-09-19,40,37,10,31,12,130,3,2
1992-09-23,46,18,47,35,23,169,2,3
1992-09-23,47,19,4,29,48,147,2,3
1992-09-26,4,33,15,27,44,123,2,3
1992-09-26,45,12,24,7,26,114,3,2
1992-09-30,49,28,37,17,41,172,1,4
1992-09-30,23,49,45,31,11,159,0,5
1992-10-03,4,44,10,24,33,115,4,1
1992-10-03,36,29,7,23,20,115,2,3
1992-10-07,41,27,35,20,44,167,2,3
1992-10-07,34,17,48,28,41,168,3,2
1992-10-10,7,31,11,34,33,116,1,4
1992-10-10,2,43,35,17,28,125,2,3
1992-10-14,41,49,23,6,8,127,2,3
1992-10-14,24,34,6,29,45,138,3,2
1992-10-17,16,36,27,49,33,161,2,3
1992-10-17,41,45,23,42,20,171,2,3
1992-10-21,22,31,36,16,6,111,4,1
1992-10-21,26,19,1,23,18,87,2,3
1992-10-24,7,21,28,44,47,147,2,3
1992-10-24,20,12,4,2,27,65,4,1
1992-10-28,27,46,6,15,19,113,2,3
1992-10-28,35,18,40,7,6,106,3,2
1992-10-31,41,42,43,44,38,208,3,2
1992-10-31,48,30,8,37,27,150,3,2
1992-11-04,28,21,29,5,32,115,2,3
1992-11-04,47,40,24,48,5,164,3,2
1992-11-07,39,32,24,4,41,140,3,2
1992-11-07,35,36,17,28,47,163,2,3
1992-11-11,14,10,32,26,23,105,4,1
1992-11-11,47,46,24,17,28,162,3,2
1992-11-14,9,12,30,28,35,114,3,2
1992-11-14,44,35,14,10,30,133,4,1
1992-11-18,24,27,30,46,42,169,4,1
1992-11-18,48,28,23,40,44,183,4,1
1992-11-21,27,26,2,34,41,130,3,2
1992-11-21,21,44,39,6,11,121,2,3
1992-11-25,44,13,30,19,5,111,2,3
1992-11-25,3,30,23,41,19,116,1,4
1992-11-28,18,14,19,5,23,79,2,3
1992-11-28,8,4,41,9,26,88,3,2
1992-12-02,1,25,3,43,10,82,1,4
1992-12-02,3,9,6,28,44,90,3,2
1992-12-05,45,36,10,19,48,158,3,2
1992-12-05,47,28,14,33,31,153,2,3
1992-12-09,7,6,20,3,14,50,3,2
1992-12-09,49,6,3,48,22,128,3,2
1992-12-12,41,22,6,23,1,93,2,3
1992-12-12,28,2,7,20,46,103,4,1
1992-12-16,48,23,36,16,6,129,4,1
1992-12-16,2,46,47,43,10,148,3,2
1992-12-19,47,3,29,4,8,91,2,3
1992-12-19,10,3,2,29,26,70,3,2
1992-12-23,7,3,1,13,39,63,0,5
1992-12-23,39,35,36,17,25,152,1,4
1992-12-26,19,26,37,32,33,147,2,3
1992-12-26,18,49,29,23,8,127,2,3
1992-12-30,34,29,39,7,28,137,2,3
1992-12-30,11,1,18,25,24,79,2,3
1993-01-02,46,44,36,40,1,167,4,1
1993-01-02,40,7,22,1,38,108,3,2
1993-01-06,38,47,9,1,12,107,2,3
1993-01-06,43,35,26,31,3,138,1,4
1993-01-09,36,9,8,37,17,107,2,3
1993-01-09,31,16,40,22,14,123,4,1
1993-01-13,9,44,38,7,21,119,2,3
1993-01-13,27,5,29,34,16,111,2,3
1993-01-16,17,33,40,35,12,137,2,3
1993-01-16,3,36,13,44,42,138,3,2
1993-01-20,24,22,6,25,31,108,3,2
1993-01-20,23,11,47,49,30,160,1,4
1993-01-23,15,13,30,12,7,77,2,3
1993-01-23,49,43,28,41,5,166,1,4
1993-01-27,3,11,21,48,16,99,2,3
1993-01-27,48,2,17,13,31,111,2,3
1993-01-30,26,29,43,7,34,139,2,3
1993-01-30,26,38,49,48,7,168,3,2
1993-02-03,49,21,36,40,28,174,3,2
1993-02-03,33,40,3,1,6,83,2,3
1993-02-06,27,16,2,5,10,60,3,2
1993-02-06,14,40,45,48,5,152,3,2
1993-02-10,46,42,33,41,7,169,2,3
1993-02-10,24,31,18,39,20,132,3,2
1993-02-13,25,48,15,20,47,155,2,3
1993-02-13,39,43,12,34,8,136,3,2
1993-02-17,17,14,32,33,16,112,3,2
1993-02-17,44,19,36,5,49,153,2,3
1993-02-20,8,17,25,45,23,118,1,4
1993-02-20,10,6,48,42,8,114,5,0
1993-02-24,14,39,6,41,16,116,3,2
1993-02-24,27,44,23,32,31,157,2,3
1993-02-27,9,28,18,13,30,98,3,2
1993-02-27,19,7,25,20,4,75,2,3
1993-03-03,36,30,32,47,28,173,4,1
1993-03-03,11,2,37,25,18,93,2,3
1993-03-06,12,36,29,16,37,130,3,2
1993-03-06,7,26,47,27,16,123,2,3
1993-03-10,34,30,42,20,35,161,4,1
1993-03-10,31,12,49,23,43,158,1,4
1993-03-13,20,3,23,39,18,103,2,3
1993-03-13,3,33,15,43,47,141,0,5
1993-03-17,40,43,38,28,19,168,3,2
1993-03-17,8,41,2,14,11,76,3,2
1993-03-20,42,38,30,6,46,162,5,0
1993-03-20,8,25,49,21,5,108,1,4
1993-03-24,49,14,13,18,4,98,3,2
1993-03-24,19,27,30,17,12,105,2,3
1993-03-27,25,18,42,39,32,156,3,2
1993-03-27,19,10,40,3,22,94,3,2
1993-03-31,17,7,22,3,39,88,1,4
1993-03-31,13,44,22,40,11,130,3,2
1993-04-03,5,49,14,26,38,132,3,2
1993-04-03,23,40,36,5,32,136,3,2
1993-04-07,11,37,35,7,33,123,0,5
1993-04-07,28,15,23,7,19,92,1,4
1993-04-10,42,40,16,25,28,151,4,1
1993-04-10,47,39,45,12,37,180,1,4
1993-04-14,4,30,12,9,23,78,3,2
1993-04-14,35,4,15,30,46,130,3,2
1993-04-17,9,48,31,43,34,165,2,3
1993-04-17,39,30,23,14,16,122,3,2
1993-04-21,19,13,37,38,17,124,1,4
1993-04-21,36,45,25,12,42,160,3,2
1993-04-24,41,14,38,29,4,126,3,2
1993-04-24,1,27,10,22,13,73,2,3
1993-04-28,27,30,16,37,49,159,2,3
1993-04-28,47,45,43,4,27,166,1,4
1993-05-01,25,6,34,16,7,88,3,2
1993-05-01,29,45,15,7,33,129,0,5
1993-05-05,15,37,26,11,20,109,2,3
1993-05-05,6,40,46,27,21,140,3,2
1993-05-08,9,8,34,36,15,102,3,2
1993-05-08,1,31,20,30,11,93,2,3
1993-05-12,17,40,21,34,27,139,2,3
1993-05-12,11,16,49,22,21,119,2,3
1993-05-15,21,47,1,28,6,103,2,3
1993-05-15,21,39,22,6,44,132,3,2
1993-05-19,40,45,4,23,8,120,3,2
1993-05-19,2,27,12,43,28,112,3,2
1993-05-22,43,36,6,49,31,165,2,3
1993-05-22,28,6,22,19,20,95,4,1
1993-05-26,2,39,35,3,6,85,2,3
1993-05-26,23,3,16,47,35,124,1,4
1993-05-29,36,18,17,16,20,107,4,1
1993-05-29,33,39,1,42,8,123,2,3
1993-06-02,30,18,47,14,31,140,3,2
1993-06-02,37,6,5,1,46,95,2,3
1993-06-05,19,15,2,45,49,130,1,4
1993-06-05,3,30,9,46,19,107,2,3
1993-06-09,18,33,39,44,4,138,3,2
1993-06-09,6,47,11,34,42,140,3,2
1993-06-12,34,40,48,44,28,194,5,0
1993-06-12,10,47,33,39,42,171,2,3
1993-06-16,29,34,25,15,14,117,2,3
1993-06-16,14,31,27,45,35,152,1,4
1993-06-19,2,40,16,46,8,112,5,0
1993-06-19,39,42,22,37,9,149,2,3
1993-06-23,23,17,16,48,12,116,3,2
1993-06-23,6,40,32,13,38,129,4,1
1993-06-26,16,31,2,4,28,81,4,1
1993-06-26,22,24,21,47,40,154,3,2
1993-06-30,22,20,11,28,44,125,4,1
1993-06-30,34,14,11,36,26,121,4,1
1993-07-03,5,2,42,20,27,96,3,2
1993-07-03,15,47,42,11,13,128,1,4
1993-07-07,37,25,35,32,8,137,2,3
1993-07-07,37,34,28,36,48,183,4,1
1993-07-10,40,20,25,49,45,179,2,3
1993-07-10,45,32,4,8,3,92,3,2
1993-07-14,46,7,45,9,38,145,2,3
1993-07-14,43,12,9,2,10,76,3,2
1993-07-17,35,36,29,31,37,168,1,4
1993-07-17,10,23,34,40,48,155,4,1
1993-07-21,34,35,23,43,24,159,2,3
1993-07-21,20,49,9,40,32,150,3,2
1993-07-24,44,13,42,26,38,163,4,1
1993-07-24,23,42,45,30,33,173,2,3
1993-07-28,48,3,49,20,7,127,2,3
1993-07-28,31,25,8,19,44,127,2,3
1993-07-31,8,26,9,35,5,83,2,3
1993-07-31,3,4,26,19,43,95,2,3
1993-08-04,3,24,34,45,44,150,3,2
1993-08-04,44,21,4,8,45,122,3,2
1993-08-07,7,46,35,22,48,158,3,2
1993-08-07,27,48,17,4,20,116,3,2
1993-08-11,8,14,34,49,6,111,4,1
1993-08-11,9,46,10,26,18,109,4,1
1993-08-14,44,30,9,17,41,141,2,3
1993-08-14,27,47,20,31,8,133,2,3
1993-08-18,8,35,39,14,20,116,3,2
1993-08-18,12,49,45,30,24,160,3,2
1993-08-21,4,28,40,46,10,128,5,0
1993-08-21,9,7,44,48,20,128,3,2
1993-08-25,39,46,44,12,22,163,4,1
1993-08-25,15,17,3,1,2,38,1,4
1993-08-28,37,30,27,18,49,161,2,3
1993-08-28,21,3,47,35,17,123,0,5
1993-09-01,29,19,8,44,23,123,2,3
1993-09-01,1,38,12,7,14,72,3,2
1993-09-04,38,1,7,5,49,100,1,4
1993-09-04,47,36,46,32,37,198,3,2
1993-09-08,40,10,49,47,15,161,2,3
1993-09-08,1,42,22,23,43,131,2,3
1993-09-11,10,31,47,38,14,140,3,2
1993-09-11,14,32,36,11,7,100,3,2
1993-09-15,32,34,29,43,45,183,2,3
1993-09-15,30,35,9,44,19,137,2,3
1993-09-18,29,37,25,33,13,137,0,5
1993-09-18,49,36,18,17,32,152,3,2
1993-09-22,44,22,1,7,24,98,3,2
1993-09-22,4,10,7,38,11,70,3,2
1993-09-25,15,13,27,12,11,78,1,4
1993-09-25,5,44,45,7,17,118,1,4
1993-09-29,41,9,31,11,10,102,1,4
1993-09-29,5,47,39,44,23,158,1,4
1993-10-02,39,40,15,9,27,130,1,4
1993-10-02,43,10,29,1,27,110,1,4
1993-10-06,46,9,14,1,35,105,2,3
1993-10-06,30,46,3,7,39,125,2,3
1993-10-09,45,32,13,18,43,151,2,3
1993-10-09,31,44,2,41,49,167,2,3
1993-10-13,43,48,32,11,13,147,2,3
1993-10-13,18,29,4,15,42,108,3,2
1993-10-16,49,4,47,9,45,154,1,4
1993-10-16,18,39,29,9,7,102,1,4
1993-10-20,39,9,27,15,26,116,1,4
1993-10-20,18,49,14,23,38,142,3,2
1993-10-23,46,15,27,28,25,141,2,3
1993-10-23,6,13,35,24,20,98,3,2
1993-10-27,13,22,43,16,15,109,2,3
1993-10-27,2,33,14,1,34,84,3,2
1993-10-30,9,17,19,36,13,94,1,4
1993-10-30,42,38,11,10,14,115,4,1
1993-11-03,14,38,6,43,20,121,4,1
1993-11-03,46,19,24,3,48,140,3,2
1993-11-06,21,38,33,14,49,155,2,3
1993-11-06,49,6,18,44,40,157,4,1
1993-11-10,30,40,45,10,22,147,4,1
1993-11-10,40,45,35,21,5,146,1,4
1993-11-13,35,26,33,11,49,154,1,4
1993-11-13,6,4,20,39,31,100,3,2
1993-11-17,49,41,24,33,46,193,2,3
1993-11-17,23,7,9,27,26,92,1,4
1993-11-20,9,39,17,29,47,141,0,5
1993-11-20,33,2,4,36,3,78,3,2
1993-11-24,11,35,8,14,20,88,3,2
1993-11-24,24,22,40,25,42,153,4,1
1993-11-27,3,45,35,18,49,150,1,4
1993-11-27,49,43,41,7,38,178,1,4
1993-12-01,2,8,24,10,26,70,5,0
1993-12-01,19,12,13,41,40,125,2,3
1993-12-04,23,20,36,46,14,139,4,1
1993-12-04,19,8,2,27,21,77,2,3
1993-12-08,2,21,25,9,5,62,1,4
1993-12-08,14,44,3,11,40,112,3,2
1993-12-11,38,15,40,46,19,158,3,2
1993-12-11,35,43,40,27,32,177,2,3
1993-12-15,13,33,5,46,21,118,1,4
1993-12-15,23,1,37,34,42,137,2,3
1993-12-18,17,20,47,29,39,152,1,4
1993-12-18,49,23,6,24,17,119,2,3
1993-12-22,45,4,24,43,37,153,2,3
1993-12-22,15,32,12,21,2,82,3,2
1993-12-25,8,43,40,12,2,105,4,1
1993-12-25,10,49,27,33,36,155,2,3
1993-12-29,12,39,21,45,32,149,2,3
1993-12-29,7,27,6,38,33,111,2,3
1994-01-01,38,39,33,30,17,157,2,3
1994-01-01,25,11,22,2,28,88,3,2
1994-01-05,4,8,26,14,38,90,5,0
1994-01-05,27,32,26,6,39,130,3,2
1994-01-08,44,9,23,29,19,124,1,4
1994-01-08,27,43,32,24,48,174,3,2
1994-01-12,27,41,40,43,44,195,2,3
1994-01-12,12,13,14,35,36,110,3,2
1994-01-15,43,10,47,19,44,163,2,3
1994-01-15,29,3,5,13,8,58,1,4
1994-01-19,39,24,19,46,6,134,3,2
1994-01-19,18,13,35,19,45,130,1,4
1994-01-22,45,42,19,12,25,143,2,3
1994-01-22,42,30,25,35,10,142,3,2
1994-01-26,22,16,20,1,4,63,4,1
1994-01-26,15,39,6,16,29,105,2,3
1994-01-29,24,26,23,41,36,150,3,2
1994-01-29,43,3,14,11,6,77,2,3
1994-02-02,45,10,11,28,22,116,3,2
1994-02-02,23,4,36,19,29,111,2,3
1994-02-05,26,14,23,18,43,124,3,2
1994-02-05,19,43,6,5,1,74,1,4
1994-02-09,1,4,24,25,22,76,3,2
1994-02-09,34,24,41,3,18,120,3,2
1994-02-12,49,4,13,6,2,74,3,2
1994-02-12,7,11,17,30,1,66,1,4
1994-02-16,42,43,21,23,8,137,2,3
1994-02-16,49,14,25,15,19,122,1,4
1994-02-19,29,39,32,28,27,155,2,3
1994-02-19,38,12,43,31,24,148,3,2
1994-02-23,13,1,30,47,3,94,1,4
1994-02-23,39,22,38,10,36,145,4,1
1994-02-26,22,36,5,2,38,103,4,1
1994-02-26,44,41,15,33,45,178,1,4
1994-03-02,10,32,7,33,24,106,3,2
1994-03-02,38,19,37,44,9,147,2,3
1994-03-05,20,45,49,26,37,177,2,3
1994-03-05,7,20,26,39,28,120,3,2
1994-03-09,23,32,46,35,6,142,3,2
1994-03-09,32,39,38,43,44,196,3,2
1994-03-12,46,25,21,8,13,113,2,3
1994-03-12,44,47,5,35,20,151,2,3
1994-03-16,42,21,35,41,48,187,2,3
1994-03-16,42,1,32,47,41,163,2,3
1994-03-19,15,32,7,16,39,109,2,3
1994-03-19,49,1,19,18,47,134,1,4
1994-03-23,33,25,49,27,34,168,1,4
1994-03-23,45,2,40,16,22,125,4,1
1994-03-26,31,13,47,24,6,121,2,3
1994-03-26,47,27,17,6,34,131,2,3
1994-03-30,4,36,15,11,13,79,2,3
1994-03-30,13,43,42,45,44,187,2,3
1994-04-02,1,36,46,13,43,139,2,3
1994-04-02,3,45,31,15,32,126,1,4
1994-04-06,12,17,32,1,7,69,2,3
1994-04-06,28,36,16,31,29,140,3,2
1994-04-09,25,7,4,48,6,90,3,2
1994-04-09,39,29,23,13,12,116,1,4
1994-04-13,26,5,32,2,6,71,4,1
1994-04-13,26,4,11,21,43,105,2,3
1994-04-16,6,13,35,43,31,128,1,4
1994-04-16,17,21,19,16,7,80,1,4
1994-04-20,10,33,12,34,4,93,4,1
1994-04-20,30,12,48,34,4,128,5,0
1994-04-23,33,45,1,20,34,133,2,3
1994-04-23,39,17,28,46,38,168,3,2
1994-04-27,1,39,23,11,44,118,1,4
1994-04-27,26,4,24,5,48,107,4,1
1994-04-30,33,32,36,21,27,149,2,3
1994-04-30,49,30,47,3,27,156,1,4
1994-05-04,6,2,26,8,20,62,5,0
1994-05-04,16,42,9,45,28,140,3,2
1994-05-07,9,36,10,1,33,89,2,3
1994-05-07,49,40,28,17,32,166,3,2
1994-05-11,11,38,19,3,31,102,1,4
1994-05-11,43,37,13,8,45,146,1,4
1994-05-14,12,36,26,21,11,106,3,2
1994-05-14,21,17,15,5,13,71,0,5
1994-05-18,10,9,25,33,12,89,2,3
1994-05-18,13,42,6,3,41,105,2,3
1994-05-21,15,25,2,11,19,72,1,4
1994-05-21,21,37,47,8,41,154,1,4
1994-05-25,28,10,27,26,46,137,4,1
1994-05-25,27,43,36,35,3,144,1,4
1994-05-28,49,29,19,41,6,144,1,4
1994-05-28,32,16,35,31,1,115,2,3
1994-06-01,20,48,7,6,24,105,4,1
1994-06-01,11,29,23,28,42,133,2,3
1994-06-04,45,9,26,6,13,99,2,3
1994-06-04,26,13,46,11,47,143,2,3
1994-06-08,39,41,7,15,46,148,1,4
1994-06-08,37,28,12,19,46,142,3,2
1994-06-11,1,20,18,44,38,121,4,1
1994-06-11,44,26,48,40,15,173,4,1
1994-06-15,18,5,41,49,3,116,1,4
1994-06-15,47,7,5,24,12,95,2,3
1994-06-18,9,37,38,29,2,115,2,3
1994-06-18,9,40,29,8,7,93,2,3
1994-06-22,39,17,10,34,33,133,2,3
1994-06-22,4,33,9,39,35,120,1,4
1994-06-25,3,36,7,24,49,119,2,3
1994-06-25,17,23,16,18,42,116,3,2
1994-06-29,35,28,5,18,19,105,2,3
1994-06-29,36,1,8,9,44,98,3,2
1994-07-02,32,20,31,14,3,100,3,2
1994-07-02,26,30,18,11,48,133,4,1
1994-07-06,17,8,22,7,38,92,3,2
1994-07-06,37,20,34,15,12,118,3,2
1994-07-09,19,12,15,17,36,99,2,3
1994-07-09,48,16,12,46,22,144,5,0
1994-07-13,47,32,39,33,2,153,2,3
1994-07-13,28,31,22,18,34,133,4,1
1994-07-16,45,13,10,30,27,125,2,3
1994-07-16,18,19,27,42,35,141,2,3
1994-07-20,10,13,24,49,30,126,3,2
1994-07-20,16,42,22,3,49,132,3,2
1994-07-23,34,7,2,21,18,82,3,2
1994-07-23,42,29,30,35,38,174,3,2
1994-07-27,45,1,37,33,12,128,1,4
1994-07-27,45,21,3,13,15,97,0,5
1994-07-30,31,38,36,23,4,132,3,2
1994-07-30,24,19,18,32,41,134,3,2
1994-08-03,20,30,48,25,36,159,4,1
1994-08-03,46,23,15,48,25,157,2,3
1994-08-06,1,28,46,18,36,129,4,1
1994-08-06,49,26,36,9,24,144,3,2
1994-08-10,43,41,20,22,38,164,3,2
1994-08-10,9,13,32,26,29,109,2,3
1994-08-13,23,30,13,7,38,111,2,3
1994-08-13,4,6,17,27,42,96,3,2
1994-08-17,25,49,12,18,15,119,2,3
1994-08-17,45,43,18,19,49,174,1,4
1994-08-20,18,23,2,24,38,105,4,1
1994-08-20,38,2,19,44,41,144,3,2
1994-08-24,34,29,8,15,48,134,3,2
1994-08-24,48,6,5,34,13,106,3,2
1994-08-27,12,21,13,11,18,75,2,3
1994-08-27,13,46,25,31,17,132,1,4
1994-08-31,19,11,1,46,15,92,1,4
1994-08-31,47,12,1,30,37,127,2,3
1994-09-03,4,26,15,48,9,102,3,2
1994-09-03,2,9,22,49,31,113,2,3
1994-09-07,26,1,6,5,43,81,2,3
1994-09-07,22,13,19,41,42,137,2,3
1994-09-10,46,15,20,1,33,115,2,3
1994-09-10,42,27,19,1,31,120,1,4
1994-09-14,16,8,47,10,31,112,3,2
1994-09-14,17,39,21,28,26,131,2,3
1994-09-17,46,10,49,14,24,143,4,1
1994-09-17,38,28,27,34,17,144,3,2
1994-09-21,4,7,26,31,21,89,2,3
1994-09-21,14,15,39,45,20,133,2,3
1994-09-24,31,35,48,12,44,170,3,2
1994-09-24,20,6,9,41,45,121,2,3
1994-09-28,46,8,37,31,38,160,3,2
1994-09-28,12,33,32,9,4,90,3,2
1994-10-01,14,47,31,9,38,139,2,3
1994-10-01,6,13,43,21,28,111,2,3
1994-10-05,7,16,38,3,2,66,3,2
1994-10-05,23,47,5,6,27,108,1,4
1994-10-08,37,39,43,24,23,166,1,4
1994-10-08,40,19,14,33,12,118,3,2
1994-10-12,39,15,22,12,24,112,3,2
1994-10-12,37,28,20,47,7,139,2,3
1994-10-15,14,37,21,27,38,137,2,3
1994-10-15,49,29,5,33,39,155,0,5
1994-10-19,8,24,39,41,4,116,3,2
1994-10-19,38,10,32,27,17,124,3,2
1994-10-22,14,25,33,44,27,143,2,3
1994-10-22,48,19,2,16,49,134,3,2
1994-10-26,44,9,49,28,11,141,2,3
1994-10-26,8,39,34,6,47,134,3,2
1994-10-29,7,9,18,16,43,93,2,3
1994-10-29,31,9,46,41,13,140,1,4
1994-11-02,46,48,36,40,18,188,5,0
1994-11-02,1,33,46,43,13,136,1,4
1994-11-05,48,8,13,20,18,107,4,1
1994-11-05,17,38,13,8,2,78,3,2
1994-11-09,19,4,22,41,18,104,3,2
1994-11-09,15,32,49,1,11,108,1,4
1994-11-12,21,34,41,31,49,176,1,4
1994-11-12,4,46,44,48,16,158,5,0
1994-11-16,13,36,31,48,4,132,3,2
1994-11-16,13,22,32,34,14,115,4,1
1994-11-19,2,41,31,46,20,140,3,2
1994-11-19,6,35,37,48,29,155,2,3
1994-11-23,27,2,33,15,7,84,1,4
1994-11-23,15,38,25,16,1,95,2,3
1994-11-26,40,42,24,32,23,161,4,1
1994-11-26,40,41,2,49,12,144,3,2
1994-11-30,9,19,38,18,36,120,3,2
1994-11-30,22,2,16,13,9,62,3,2
1994-12-03,49,38,25,17,8,137,2,3
1994-12-03,24,36,1,9,17,87,2,3
1994-12-07,16,38,19,30,4,107,4,1
1994-12-07,11,49,36,15,9,120,1,4
1994-12-10,27,11,42,48,18,146,3,2
1994-12-10,31,4,38,37,18,128,3,2
1994-12-14,34,33,44,41,36,188,3,2
1994-12-14,4,42,30,45,41,162,3,2
1994-12-17,44,34,43,31,17,169,2,3
1994-12-17,49,10,21,6,1,87,2,3
1994-12-21,16,18,45,4,23,106,3,2
1994-12-21,29,39,43,4,41,156,1,4
1994-12-24,23,2,28,6,14,73,4,1
1994-12-24,22,15,30,47,19,133,2,3
1994-12-28,32,48,6,38,36,160,5,0
1994-12-28,39,43,11,29,45,167,0,5
1994-12-31,33,24,16,46,21,140,3,2
1994-12-31,15,19,24,44,35,137,2,3
1995-01-04,38,21,49,44,34,186,3,2
1995-01-04,44,21,15,49,13,142,1,4
1995-01-07,25,23,36,9,48,141,2,3
1995-01-07,47,20,9,29,21,126,1,4
1995-01-11,41,7,17,48,4,117,2,3
1995-01-11,16,37,47,5,43,148,1,4
1995-01-14,43,5,47,18,44,157,2,3
1995-01-14,44,48,35,43,8,178,3,2
1995-01-18,19,27,37,26,10,119,2,3
1995-01-18,10,29,34,37,16,126,3,2
1995-01-21,7,28,40,41,4,120,3,2
1995-01-21,48,6,7,38,13,112,3,2
1995-01-25,42,5,33,13,19,112,1,4
1995-01-25,19,14,29,16,6,84,3,2
1995-01-28,42,47,45,49,30,213,2,3
1995-01-28,32,30,16,27,20,125,4,1
1995-02-01,9,31,10,48,18,116,3,2
1995-02-01,39,49,37,40,9,174,1,4
1995-02-04,35,49,20,13,36,153,2,3
1995-02-04,13,23,14,11,35,96,1,4
1995-02-08,12,7,18,6,39,82,3,2
1995-02-08,7,48,31,26,32,144,3,2
1995-02-11,10,28,12,25,43,118,3,2
1995-02-11,19,14,10,12,9,64,3,2
1995-02-15,41,27,7,1,4,80,1,4
1995-02-15,37,34,38,15,16,140,3,2
1995-02-18,48,2,43,8,18,119,4,1
1995-02-18,11,2,42,12,39,106,3,2
1995-02-22,27,43,36,30,19,155,2,3
1995-02-22,5,30,1,44,36,116,3,2
1995-02-25,11,46,30,38,25,150,3,2
1995-02-25,13,32,30,14,5,94,3,2
1995-03-01,22,13,46,6,39,126,3,2
1995-03-01,3,16,33,19,31,102,1,4
1995-03-04,25,27,48,3,1,104,1,4
1995-03-04,38,21,12,40,24,135,4,1
1995-03-08,32,34,11,40,19,136,3,2
1995-03-08,21,47,40,26,41,175,2,3
1995-03-11,10,17,16,1,27,71,2,3
1995-03-11,6,24,12,19,43,104,3,2
1995-03-15,44,8,46,16,17,131,4,1
1995-03-15,4,45,30,7,34,120,3,2
1995-03-18,5,34,13,29,1,82,1,4
1995-03-18,47,1,6,45,16,115,2,3
1995-03-22,43,7,27,42,28,147,2,3
1995-03-22,12,49,48,22,28,159,4,1
1995-03-25,6,25,26,34,36,127,4,1
1995-03-25,33,7,10,48,22,120,3,2
1995-03-29,6,41,46,4,30,127,4,1
1995-03-29,32,19,31,25,5,112,1,4
1995-04-01,9,29,44,14,17,113,2,3
1995-04-01,23,49,21,43,5,141,0,5
1995-04-05,13,27,41,2,42,125,2,3
1995-04-05,40,4,34,23,44,145,4,1
1995-04-08,19,47,23,10,41,140,1,4
1995-04-08,24,13,6,39,20,102,3,2
1995-04-12,47,33,20,44,19,163,2,3
1995-04-12,32,28,14,29,16,119,4,1
1995-04-15,48,10,36,43,49,186,3,2
1995-04-15,29,8,31,15,34,117,2,3
1995-04-19,42,24,37,1,8,112,3,2
1995-04-19,3,20,23,47,30,123,2,3
1995-04-22,13,23,37,3,44,120,1,4
1995-04-22,12,35,7,37,10,101,2,3
1995-04-26,5,1,43,47,39,135,0,5
1995-04-26,16,4,34,44,48,146,5,0
1995-04-29,4,32,10,44,15,105,4,1
1995-04-29,16,13,6,2,19,56,3,2
1995-05-03,41,22,16,19,27,125,2,3
1995-05-03,41,5,20,48,16,130,3,2
1995-05-06,19,24,12,4,29,88,3,2
1995-05-06,17,2,36,43,40,138,3,2
1995-05-10,39,7,5,36,48,135,2,3
1995-05-10,8,24,4,22,25,83,4,1
1995-05-13,32,7,37,16,19,111,2,3
1995-05-13,24,1,47,30,16,118,3,2
1995-05-17,28,42,9,33,22,134,3,2
1995-05-17,25,22,43,8,34,132,3,2
1995-05-20,49,8,26,31,37,151,2,3
1995-05-20,26,24,49,27,15,141,2,3
1995-05-24,29,11,7,17,39,103,0,5
1995-05-24,14,22,19,41,21,117,2,3
1995-05-27,25,26,38,12,24,125,4,1
1995-05-27,1,7,18,6,39,71,2,3
1995-05-31,19,14,2,32,1,68,3,2
1995-05-31,47,17,27,39,29,159,0,5
1995-06-03,49,45,14,34,2,144,3,2
1995-06-03,24,13,9,47,10,103,2,3
1995-06-07,44,27,24,15,14,124,3,2
1995-06-07,43,40,23,2,5,113,2,3
1995-06-10,44,40,10,22,27,143,4,1
1995-06-10,15,32,46,40,2,135,4,1
1995-06-14,11,46,36,35,26,154,3,2
1995-06-14,42,44,39,41,6,172,3,2
1995-06-17,11,16,3,46,1,77,2,3
1995-06-17,32,44,40,24,25,165,4,1
1995-06-21,19,5,41,25,27,117,0,5
1995-06-21,22,15,45,11,6,99,2,3
1995-06-24,23,7,5,48,46,129,2,3
1995-06-24,30,18,24,19,28,119,4,1
1995-06-28,5,31,7,36,18,97,2,3
1995-06-28,47,39,18,40,34,178,3,2
1995-07-01,36,5,48,13,49,151,2,3
1995-07-01,26,38,4,15,42,125,4,1
1995-07-05,32,44,41,17,22,156,3,2
1995-07-05,32,42,17,13,45,149,2,3
1995-07-08,4,27,14,10,42,97,4,1
1995-07-08,2,49,39,41,45,176,1,4
1995-07-12,31,39,19,5,43,137,0,5
1995-07-12,22,12,29,41,7,111,2,3
1995-07-15,36,10,38,24,27,135,4,1
1995-07-15,36,48,21,23,22,150,3,2
1995-07-19,47,35,49,33,13,177,0,5
1995-07-19,18,41,25,1,13,98,1,4
1995-07-22,30,10,20,31,3,94,3,2
1995-07-22,20,21,44,46,5,136,3,2
1995-07-26,39,48,34,19,23,163,2,3
1995-07-26,2,26,38,46,16,128,5,0
1995-07-29,35,37,31,39,19,161,0,5
1995-07-29,30,21,42,37,34,164,3,2
1995-08-02,42,35,10,3,6,96,3,2
1995-08-02,26,17,4,8,12,67,4,1
1995-08-05,43,1,18,14,24,100,3,2
1995-08-05,43,12,41,27,11,134,1,4
1995-08-09,44,22,24,18,15,123,4,1
1995-08-09,29,41,34,33,5,142,1,4
1995-08-12,38,19,5,39,32,133,2,3
1995-08-12,23,40,42,13,41,159,2,3
1995-08-16,13,26,24,47,39,149,2,3
1995-08-16,37,10,7,14,48,116,3,2
1995-08-19,1,24,11,21,27,84,1,4
1995-08-19,48,1,21,35,46,151,2,3
1995-08-23,35,14,3,7,24,83,2,3
1995-08-23,17,37,46,33,16,149,2,3
1995-08-26,7,6,21,27,44,105,2,3
1995-08-26,10,36,1,18,27,92,3,2
1995-08-30,20,38,37,26,2,123,4,1
1995-08-30,19,33,40,47,36,175,2,3
1995-09-02,43,16,23,41,33,156,1,4
1995-09-02,48,46,14,10,36,154,5,0
1995-09-06,23,3,24,25,4,79,2,3
1995-09-06,16,7,42,26,43,134,3,2
1995-09-09,22,23,35,39,38,157,2,3
1995-09-09,15,14,39,9,34,111,2,3
1995-09-13,11,6,25,13,46,101,2,3
1995-09-13,17,14,35,5,41,112,1,4
1995-09-16,42,7,29,44,17,139,2,3
1995-09-16,23,4,15,29,13,84,1,4
1995-09-20,12,46,22,7,40,127,4,1
1995-09-20,6,32,30,42,41,151,4,1
1995-09-23,27,43,49,44,18,181,2,3
1995-09-23,14,19,47,2,40,122,3,2
1995-09-27,27,22,20,40,42,151,4,1
1995-09-27,37,29,33,16,41,156,1,4
1995-09-30,32,5,12,18,49,116,3,2
1995-09-30,22,32,13,31,14,112,3,2
1995-10-04,9,43,17,45,25,139,0,5
1995-10-04,35,6,29,31,12,113,2,3
1995-10-07,3,49,31,41,15,139,0,5
1995-10-07,6,10,15,24,4,59,4,1
1995-10-11,32,23,19,24,10,108,3,2
1995-10-11,24,9,41,21,10,105,2,3
1995-10-14,21,25,38,5,16,105,2,3
1995-10-14,16,31,49,41,44,181,2,3
1995-10-18,33,39,3,24,38,137,2,3
1995-10-18,3,8,22,23,31,87,2,3
1995-10-21,12,37,4,24,1,78,3,2
1995-10-21,44,34,21,45,6,150,3,2
1995-10-25,48,29,41,39,15,172,1,4
1995-10-25,2,12,33,6,24,77,4,1
1995-10-28,3,45,35,48,33,164,1,4
1995-10-28,9,29,40,16,1,95,2,3
1995-11-01,3,15,24,37,23,102,1,4
1995-11-01,21,40,6,33,13,113,2,3
1995-11-04,2,5,42,25,9,83,2,3
1995-11-04,38,23,7,43,48,159,2,3
1995-11-08,40,6,38,45,28,157,4,1
1995-11-08,16,35,38,47,28,164,3,2
1995-11-11,5,20,7,4,22,58,3,2
1995-11-11,27,32,12,15,20,106,3,2
1995-11-15,45,25,1,16,37,124,1,4
1995-11-15,18,19,36,20,25,118,3,2
1995-11-18,12,28,39,29,11,119,2,3
1995-11-18,16,34,22,39,8,119,4,1
1995-11-22,25,27,42,4,39,137,2,3
1995-11-22,15,28,5,36,30,114,3,2
1995-11-25,38,27,49,6,2,122,3,2
1995-11-25,2,4,40,17,7,70,3,2
1995-11-29,32,35,20,29,8,124,3,2
1995-11-29,44,30,37,31,45,187,2,3
1995-12-02,11,49,34,28,24,146,3,2
1995-12-02,25,2,4,22,5,58,3,2
1995-12-06,48,43,37,22,20,170,3,2
1995-12-06,27,36,33,15,29,140,1,4
1995-12-09,13,44,22,46,3,128,3,2
1995-12-09,49,20,12,42,28,151,4,1
1995-12-13,41,13,39,14,47,154,1,4
1995-12-13,41,22,32,18,4,117,4,1
1995-12-16,14,36,32,8,18,108,5,0
1995-12-16,8,37,28,31,22,126,3,2
1995-12-20,4,15,43,10,21,93,2,3
1995-12-20,12,8,38,22,45,125,4,1
1995-12-23,45,42,36,32,39,194,3,2
1995-12-23,25,22,27,38,2,114,3,2
1995-12-27,37,42,10,41,43,173,2,3
1995-12-27,47,30,33,40,2,152,3,2
1995-12-30,48,23,16,40,25,152,3,2
1995-12-30,35,7,3,22,6,73,2,3
1996-01-03,14,21,8,19,30,92,3,2
1996-01-03,17,34,16,37,11,115,2,3
1996-01-06,21,14,26,9,38,108,3,2
1996-01-06,16,44,36,13,27,136,3,2
1996-01-10,43,1,34,35,32,145,2,3
1996-01-10,5,8,16,4,46,79,4,1
1996-01-13,36,11,23,26,46,142,3,2
1996-01-13,28,35,2,45,26,136,3,2
1996-01-17,32,20,7,13,18,90,3,2
1996-01-17,48,25,15,46,4,138,3,2
1996-01-20,30,10,36,26,17,119,4,1
1996-01-20,13,48,28,45,21,155,2,3
1996-01-24,13,31,10,28,34,116,3,2
1996-01-24,6,4,32,47,45,134,3,2
1996-01-27,38,41,45,47,44,215,2,3
1996-01-27,19,40,2,24,27,112,3,2
1996-01-31,12,47,37,20,42,158,3,2
1996-01-31,7,6,12,17,34,76,3,2
1996-02-03,43,34,12,9,42,140,3,2
1996-02-03,45,37,24,27,20,153,2,3
1996-02-07,10,32,16,36,39,133,4,1
1996-02-07,9,37,43,1,20,110,1,4
1996-02-10,28,23,26,49,29,155,2,3
1996-02-10,17,21,15,3,6,62,1,4
1996-02-14,37,30,13,35,36,151,2,3
1996-02-14,1,41,13,14,10,79,2,3
1996-02-17,9,35,18,6,8,76,3,2
1996-02-17,21,32,27,47,2,129,2,3
1996-02-21,40,21,32,18,4,115,4,1
1996-02-21,43,9,48,30,46,176,3,2
1996-02-24,33,12,49,4,18,116,3,2
1996-02-24,13,1,8,2,23,47,2,3
1996-02-28,32,8,15,5,9,69,2,3
1996-02-28,13,24,31,23,17,108,1,4
1996-03-02,20,41,31,42,13,147,2,3
1996-03-02,12,4,21,39,31,107,2,3
1996-03-06,14,15,36,29,39,133,2,3
1996-03-06,37,26,46,21,8,138,3,2
1996-03-09,19,32,24,1,49,125,2,3
1996-03-09,11,4,30,22,12,79,4,1
1996-03-13,38,12,15,47,44,156,3,2
1996-03-13,36,10,16,20,48,130,5,0
1996-03-16,44,34,26,48,3,155,4,1
1996-03-16,29,23,28,39,24,143,2,3
1996-03-20,46,11,26,6,32,121,4,1
1996-03-20,44,43,46,23,28,184,3,2
1996-03-23,5,21,18,29,42,115,2,3
1996-03-23,4,41,15,47,35,142,1,4
1996-03-27,39,49,33,23,9,153,0,5
1996-03-27,28,2,18,47,32,127,4,1
1996-03-30,49,34,17,18,44,162,3,2
1996-03-30,46,15,30,43,22,156,3,2
1996-04-03,8,7,5,39,38,97,2,3
1996-04-03,7,20,34,25,26,112,3,2
1996-04-06,42,47,19,4,8,120,3,2
1996-04-06,22,49,35,1,13,120,1,4
1996-04-10,42,28,17,4,1,92,3,2
1996-04-10,31,49,26,15,11,132,1,4
1996-04-13,34,44,36,46,12,172,5,0
1996-04-13,47,5,31,38,39,160,1,4
1996-04-17,11,41,39,28,38,157,2,3
1996-04-17,12,18,13,31,1,75,2,3
1996-04-20,4,48,31,10,35,128,3,2
1996-04-20,2,12,43,47,45,149,2,3
1996-04-24,11,46,45,32,2,136,3,2
1996-04-24,20,5,18,48,17,108,3,2
1996-04-27,30,29,38,48,5,150,3,2
1996-04-27,8,15,22,23,26,94,3,2
1996-05-01,18,17,31,13,14,93,2,3
1996-05-01,30,12,9,16,49,116,3,2
1996-05-04,42,18,32,46,7,145,4,1
1996-05-04,31,7,1,48,2,89,2,3
1996-05-08,31,20,37,19,11,118,1,4
1996-05-08,22,33,14,9,47,125,2,3
1996-05-11,39,43,30,38,5,155,2,3
1996-05-11,12,19,27,38,43,139,2,3
1996-05-15,24,32,18,36,27,137,4,1
1996-05-15,36,48,43,2,16,145,4,1
1996-05-18,10,5,48,39,11,113,2,3
1996-05-18,39,17,46,43,8,153,2,3
1996-05-22,17,29,46,45,6,143,2,3
1996-05-22,1,38,2,24,13,78,3,2
1996-05-25,35,21,4,11,38,109,2,3
1996-05-25,15,6,14,20,10,65,4,1
1996-05-29,5,14,42,19,40,120,3,2
1996-05-29,23,3,22,35,21,104,1,4
1996-06-01,8,28,10,49,42,137,4,1
1996-06-01,31,19,21,20,6,97,2,3
1996-06-05,41,25,11,27,4,108,1,4
1996-06-05,6,34,29,3,14,86,3,2
1996-06-08,5,33,7,39,31,115,0,5
1996-06-08,19,7,3,49,39,117,0,5
1996-06-12,10,47,48,14,11,130,3,2
1996-06-12,27,13,30,48,24,142,3,2
1996-06-15,5,36,13,40,6,100,3,2
1996-06-15,38,42,45,35,20,180,3,2
1996-06-19,28,43,20,29,30,150,3,2
1996-06-19,6,47,13,44,7,117,2,3
1996-06-22,21,16,23,41,43,144,1,4
1996-06-22,45,10,28,19,8,110,3,2
1996-06-26,1,20,25,6,11,63,2,3
1996-06-26,27,29,49,7,10,122,1,4
1996-06-29,31,10,36,13,44,134,3,2
1996-06-29,3,44,14,25,10,96,3,2
1996-07-03,4,38,29,15,27,113,2,3
1996-07-03,33,38,42,37,27,177,2,3
1996-07-06,41,25,7,13,20,106,1,4
1996-07-06,16,35,34,7,19,111,2,3
1996-07-10,26,18,21,24,17,106,3,2
1996-07-10,19,43,13,10,18,103,2,3
1996-07-13,46,25,33,47,31,182,1,4
1996-07-13,41,7,22,31,15,116,1,4
1996-07-17,6,49,39,27,40,161,2,3
1996-07-17,39,1,25,46,21,132,1,4
1996-07-20,32,4,30,26,29,121,4,1
1996-07-20,9,18,43,40,17,127,2,3
1996-07-24,14,2,24,43,27,110,3,2
1996-07-24,7,22,4,1,8,42,3,2
1996-07-27,43,10,33,6,41,133,2,3
1996-07-27,43,7,10,46,26,132,3,2
1996-07-31,39,20,3,32,4,98,3,2
1996-07-31,14,24,18,35,30,121,4,1
1996-08-03,11,10,30,16,25,92,3,2
1996-08-03,39,44,28,23,25,159,2,3
1996-08-07,34,10,44,18,47,153,4,1
1996-08-07,49,36,17,43,37,182,1,4
1996-08-10,25,26,46,9,1,107,2,3
1996-08-10,5,42,1,44,21,113,2,3
1996-08-14,34,16,40,46,11,147,4,1
1996-08-14,45,25,18,12,13,113,2,3
1996-08-17,23,21,4,41,42,131,2,3
1996-08-17,31,16,28,13,14,102,3,2
1996-08-21,27,25,6,40,18,116,3,2
1996-08-21,9,32,26,47,1,115,2,3
1996-08-24,2,27,4,15,39,87,2,3
1996-08-24,41,12,34,25,36,148,3,2
1996-08-28,40,48,31,5,34,158,3,2
1996-08-28,37,27,33,32,49,178,1,4
1996-08-31,45,32,11,21,1,110,1,4
1996-08-31,41,47,36,5,17,146,1,4
1996-09-04,46,49,25,30,37,187,2,3
1996-09-04,32,44,45,38,9,168,3,2
1996-09-07,28,6,13,42,47,136,3,2
1996-09-07,16,17,8,26,23,90,3,2
1996-09-11,11,19,14,16,46,106,3,2
1996-09-11,20,25,43,8,37,133,2,3
1996-09-14,39,45,48,13,3,148,1,4
1996-09-14,4,13,7,42,36,102,3,2
1996-09-18,49,36,30,33,11,159,2,3
1996-09-18,40,39,21,47,11,158,1,4
1996-09-21,30,34,20,8,12,104,5,0
1996-09-21,39,4,5,43,41,132,1,4
1996-09-25,16,23,3,32,4,78,3,2
1996-09-25,28,36,40,10,19,133,4,1
1996-09-28,14,11,31,37,20,113,2,3
1996-09-28,35,4,22,40,12,113,4,1
1996-10-02,38,1,42,6,15,102,3,2
1996-10-02,47,6,46,20,11,130,3,2
1996-10-05,40,37,31,43,1,152,1,4
1996-10-05,6,16,25,17,49,113,2,3
1996-10-09,35,3,8,12,32,90,3,2
1996-10-09,9,7,14,41,44,115,2,3
1996-10-12,39,20,9,45,36,149,2,3
1996-10-12,48,35,30,42,41,196,3,2
1996-10-16,41,17,23,12,44,137,2,3
1996-10-16,41,34,28,47,19,169,2,3
1996-10-19,42,48,16,12,45,163,4,1
1996-10-19,30,34,21,40,3,128,3,2
1996-10-23,28,43,42,40,33,186,3,2
1996-10-23,21,11,23,46,25,126,1,4
1996-10-26,41,16,26,10,17,110,3,2
1996-10-26,49,21,28,4,37,139,2,3
1996-10-30,34,44,3,33,15,129,2,3
1996-10-30,8,30,43,34,19,134,3,2
1996-11-02,22,19,25,31,39,136,1,4
1996-11-02,27,42,48,2,34,153,4,1
1996-11-06,32,46,34,49,1,162,3,2
1996-11-06,17,49,38,39,27,170,1,4
1996-11-09,27,36,11,10,43,127,2,3
1996-11-09,16,25,48,14,15,118,3,2
1996-11-13,31,20,3,25,11,90,1,4
1996-11-13,2,45,12,7,10,76,3,2
1996-11-16,44,13,18,7,38,120,3,2
1996-11-16,39,20,16,26,24,125,4,1
1996-11-20,26,37,4,47,18,132,3,2
1996-11-20,20,1,34,45,28,128,3,2
1996-11-23,46,32,25,12,40,155,4,1
1996-11-23,6,34,19,28,11,98,3,2
1996-11-27,10,41,17,49,31,148,1,4
1996-11-27,46,32,7,31,25,141,2,3
1996-11-30,12,45,19,39,31,146,1,4
1996-11-30,49,43,6,30,48,176,3,2
1996-12-04,3,40,45,21,34,143,2,3
1996-12-04,33,40,22,37,36,168,3,2
1996-12-07,24,2,21,27,16,90,3,2
1996-12-07,25,21,3,28,27,104,1,4
1996-12-11,14,40,30,28,46,158,5,0
1996-12-11,46,27,4,13,30,120,3,2
1996-12-14,25,11,19,5,1,61,0,5
1996-12-14,2,45,44,30,11,132,3,2
1996-12-18,42,46,44,36,6,174,5,0
1996-12-18,32,17,5,16,27,97,2,3
1996-12-21,8,3,26,7,13,57,2,3
1996-12-21,11,42,33,23,30,139,2,3
1996-12-25,22,43,42,30,33,170,3,2
1996-12-25,41,28,37,18,35,159,2,3
1996-12-28,17,24,21,41,32,135,2,3
1996-12-28,25,28,21,23,46,143,2,3
1997-01-01,13,44,25,36,32,150,3,2
1997-01-01,27,26,9,23,43,128,1,4
1997-01-04,33,23,15,18,43,132,1,4
1997-01-04,25,39,2,3,48,117,2,3
1997-01-08,26,31,35,49,14,155,2,3
1997-01-08,14,16,15,40,25,110,3,2
1997-01-11,37,26,28,16,31,138,3,2
1997-01-11,20,35,36,25,4,120,3,2
1997-01-15,1,31,35,20,48,135,2,3
1997-01-15,11,40,45,14,42,152,3,2
1997-01-18,28,13,17,29,7,94,1,4
1997-01-18,20,45,33,40,22,160,3,2
1997-01-22,32,40,43,47,24,186,3,2
1997-01-22,29,14,45,8,37,133,2,3
1997-01-25,26,32,14,5,29,106,3,2
1997-01-25,45,43,3,30,21,142,1,4
1997-01-29,3,21,4,36,26,90,3,2
1997-01-29,45,8,14,7,26,100,3,2
1997-02-01,12,35,7,30,47,131,2,3
1997-02-01,11,39,24,14,45,133,2,3
1997-02-05,39,28,17,8,41,133,2,3
1997-02-05,34,46,42,37,8,167,4,1
1997-02-08,22,38,24,40,37,161,4,1
1997-02-08,10,17,26,47,28,128,3,2
1997-02-12,25,47,7,32,16,127,2,3
1997-02-12,19,27,30,31,4,111,2,3
1997-02-15,27,25,28,30,24,134,3,2
1997-02-15,45,3,37,16,13,114,1,4
1997-02-19,32,7,16,17,3,75,2,3
1997-02-19,47,10,19,20,24,120,3,2
1997-02-22,45,7,28,14,36,130,3,2
1997-02-22,13,9,46,5,41,114,1,4
1997-02-26,33,34,19,7,49,142,1,4
1997-02-26,27,13,48,7,33,128,1,4
1997-03-01,21,38,42,24,7,132,3,2
1997-03-01,36,35,43,30,5,149,2,3
1997-03-05,29,8,26,27,41,131,2,3
1997-03-05,5,4,2,38,40,89,4,1
1997-03-08,40,41,33,21,49,184,1,4
1997-03-08,37,34,31,40,23,165,2,3
1997-03-12,1,37,11,40,16,105,2,3
1997-03-12,37,48,12,9,13,119,2,3
1997-03-15,10,8,27,19,36,100,3,2
1997-03-15,15,32,39,23,48,157,2,3
1997-03-19,7,13,35,24,9,88,1,4
1997-03-19,38,20,27,43,35,163,2,3
1997-03-22,21,39,22,15,19,116,1,4
1997-03-22,49,12,13,16,4,94,3,2
1997-03-26,42,41,22,21,29,155,2,3
1997-03-26,4,37,47,28,14,130,3,2
1997-03-29,44,29,20,16,48,157,4,1
1997-03-29,25,28,42,8,47,150,3,2
1997-04-02,33,21,43,19,40,156,1,4
1997-04-02,41,28,4,45,16,134,3,2
1997-04-05,37,31,47,34,2,151,2,3
1997-04-05,25,49,13,48,15,150,1,4
1997-04-09,20,42,22,4,18,106,5,0
1997-04-09,32,45,23,9,26,135,2,3
1997-04-12,2,4,8,28,35,77,4,1
1997-04-12,20,10,4,16,37,87,4,1
1997-04-16,32,45,8,31,22,138,3,2
1997-04-16,30,40,11,29,17,127,2,3
1997-04-19,40,15,19,32,26,132,3,2
1997-04-19,33,14,16,21,43,127,2,3
1997-04-23,18,43,17,12,4,94,3,2
1997-04-23,22,20,14,1,27,84,3,2
1997-04-26,49,8,3,31,30,121,2,3
1997-04-26,13,15,18,28,22,96,3,2
1997-04-30,44,22,6,41,20,133,4,1
1997-04-30,43,46,32,7,19,147,2,3
1997-05-03,38,20,39,27,41,165,2,3
1997-05-03,46,42,24,47,25,184,3,2
1997-05-07,34,11,31,27,22,125,2,3
1997-05-07,39,27,34,3,36,139,2,3
1997-05-10,44,20,16,27,7,114,3,2
1997-05-10,2,31,20,38,21,112,3,2
1997-05-14,20,13,48,24,41,146,3,2
1997-05-14,39,20,33,29,38,159,2,3
1997-05-17,11,18,15,4,31,79,2,3
1997-05-17,22,42,17,11,45,137,2,3
1997-05-21,39,33,2,46,49,169,2,3
1997-05-21,31,40,37,41,49,198,1,4
1997-05-24,19,39,20,35,18,131,2,3
1997-05-24,49,38,42,8,30,167,4,1
1997-05-28,19,43,1,48,6,117,2,3
1997-05-28,2,35,43,29,12,121,2,3
1997-05-31,18,30,1,12,7,68,3,2
1997-05-31,17,7,31,39,20,114,1,4
1997-06-04,34,32,28,1,40,135,4,1
1997-06-04,20,26,23,38,34,141,4,1
1997-06-07,21,27,17,10,42,117,2,3
1997-06-07,4,15,26,14,7,66,3,2
1997-06-11,36,35,49,41,16,177,2,3
1997-06-11,40,4,48,18,30,140,5,0
1997-06-14,5,40,14,1,21,81,2,3
1997-06-14,12,33,20,26,35,126,3,2
1997-06-18,46,45,48,9,27,175,2,3
1997-06-18,43,32,48,29,45,197,2,3
1997-06-21,34,14,35,36,49,168,3,2
1997-06-21,35,21,33,27,2,118,1,4
1997-06-25,40,11,45,26,44,166,3,2
1997-06-25,34,29,37,38,41,179,2,3
1997-06-28,48,24,28,6,1,107,4,1
1997-06-28,7,1,48,44,22,122,3,2
1997-07-02,33,37,8,7,2,87,2,3
1997-07-02,28,31,36,3,19,117,2,3
1997-07-05,43,39,13,22,30,147,2,3
1997-07-05,37,25,3,43,12,120,1,4
1997-07-09,23,30,21,1,9,84,1,4
1997-07-09,2,22,29,37,47,137,2,3
1997-07-12,34,9,36,47,24,150,3,2
1997-07-12,8,15,12,1,21,57,2,3
1997-07-16,46,45,11,18,30,150,3,2
1997-07-16,1,40,3,43,6,93,2,3
1997-07-19,44,23,26,1,22,116,3,2
1997-07-19,35,39,33,15,5,127,0,5
1997-07-23,42,6,46,15,34,143,4,1
1997-07-23,8,36,44,7,25,120,3,2
1997-07-26,16,32,9,39,4,100,3,2
1997-07-26,27,3,39,13,1,83,0,5
1997-07-30,29,4,15,34,39,121,2,3
1997-07-30,4,1,42,21,15,83,2,3
1997-08-02,39,6,24,7,31,107,2,3
1997-08-02,3,42,11,40,13,109,2,3
1997-08-06,4,33,32,35,10,114,3,2
1997-08-06,13,40,25,11,7,96,1,4
1997-08-09,37,2,10,1,12,62,3,2
1997-08-09,18,11,33,42,19,123,2,3
1997-08-13,20,33,40,29,14,136,3,2
1997-08-13,35,19,48,16,39,157,2,3
1997-08-16,16,1,11,6,39,73,2,3
1997-08-16,20,11,1,13,41,86,1,4
1997-08-20,45,1,44,3,38,131,2,3
1997-08-20,37,16,36,43,3,135,2,3
1997-08-23,6,5,26,38,42,117,4,1
1997-08-23,5,33,8,46,18,110,3,2
1997-08-27,41,31,13,34,8,127,2,3
1997-08-27,6,28,15,46,9,104,3,2
1997-08-30,25,4,41,29,26,125,2,3
1997-08-30,36,18,32,45,35,166,3,2
1997-09-03,45,31,9,24,16,125,2,3
1997-09-03,2,29,28,18,22,99,4,1
1997-09-06,25,43,3,37,41,149,0,5
1997-09-06,16,5,27,20,34,102,3,2
1997-09-10,41,22,17,1,37,118,1,4
1997-09-10,44,8,14,34,27,127,4,1
1997-09-13,20,48,6,17,49,140,3,2
1997-09-13,20,7,31,1,13,72,1,4
1997-09-17,10,48,46,36,22,162,5,0
1997-09-17,34,39,14,46,4,137,4,1
1997-09-20,2,44,21,25,19,111,2,3
1997-09-20,9,35,13,12,29,98,1,4
1997-09-24,36,44,13,3,41,137,2,3
1997-09-24,41,17,20,23,12,113,2,3
1997-09-27,40,28,1,30,10,109,4,1
1997-09-27,35,6,3,22,31,97,2,3
1997-10-01,35,30,3,17,27,112,1,4
1997-10-01,29,9,38,12,23,111,2,3
1997-10-04,43,32,35,7,5,122,1,4
1997-10-04,14,27,21,34,46,142,3,2
1997-10-08,18,21,36,1,34,110,3,2
1997-10-08,36,5,21,2,3,67,2,3
1997-10-11,33,7,17,16,27,100,1,4
1997-10-11,3,31,9,18,37,98,1,4
1997-10-15,39,46,18,45,40,188,3,2
1997-10-15,34,14,40,4,16,108,5,0
1997-10-18,36,11,21,41,39,148,1,4
1997-10-18,45,32,19,43,2,141,2,3
1997-10-22,3,17,6,37,29,92,1,4
1997-10-22,37,27,14,34,47,159,2,3
1997-10-25,49,23,16,13,4,105,2,3
1997-10-25,14,45,25,44,7,135,2,3
1997-10-29,24,5,30,43,47,149,2,3
1997-10-29,30,15,31,9,48,133,2,3
1997-11-01,31,3,33,29,19,115,0,5
1997-11-01,13,37,35,26,42,153,2,3
1997-11-05,49,37,41,24,20,171,2,3
1997-11-05,10,38,25,32,15,120,3,2
1997-11-08,47,32,41,35,17,172,1,4
1997-11-08,32,47,35,25,39,178,1,4
1997-11-12,18,14,30,24,4,90,5,0
1997-11-12,27,49,18,5,23,122,1,4
1997-11-15,39,33,20,37,25,154,1,4
1997-11-15,40,21,22,26,47,156,3,2
1997-11-19,40,39,22,35,43,179,2,3
1997-11-19,14,27,9,46,35,131,2,3
1997-11-22,34,9,26,1,20,90,3,2
1997-11-22,49,8,28,15,35,135,2,3
1997-11-26,18,23,47,42,16,146,3,2
1997-11-26,11,37,42,19,46,155,2,3
1997-11-29,33,31,10,39,11,124,1,4
1997-11-29,1,42,7,27,11,88,1,4
1997-12-03,6,9,27,34,1,77,2,3
1997-12-03,44,31,35,30,25,165,2,3
1997-12-06,39,4,30,7,42,122,3,2
1997-12-06,30,46,45,3,18,142,3,2
1997-12-10,29,13,46,25,32,145,2,3
1997-12-10,27,1,20,43,5,96,1,4
1997-12-13,5,27,34,9,3,78,1,4
1997-12-13,9,46,49,25,29,158,1,4
1997-12-17,19,15,5,31,43,113,0,5
1997-12-17,44,7,14,17,15,97,2,3
1997-12-20,39,16,3,23,18,99,2,3
1997-12-20,41,5,21,29,46,142,1,4
1997-12-24,24,22,32,23,9,110,3,2
1997-12-24,28,15,39,35,12,129,2,3
1997-12-27,28,2,16,39,9,94,3,2
1997-12-27,31,48,42,34,5,160,3,2
1997-12-31,41,15,31,19,32,138,1,4
1997-12-31,18,1,35,36,21,111,2,3
1998-01-03,22,17,12,4,44,99,4,1
1998-01-03,39,33,8,1,4,85,2,3
1998-01-07,41,15,14,42,13,125,2,3
1998-01-07,42,38,26,36,31,173,4,1
1998-01-10,17,7,13,36,49,122,1,4
1998-01-10,11,39,36,40,4,130,3,2
1998-01-14,34,19,4,32,7,96,3,2
1998-01-14,9,18,38,30,27,122,3,2
1998-01-17,30,6,39,21,42,138,3,2
1998-01-17,45,38,36,20,43,182,3,2
1998-01-21,22,1,7,33,16,79,2,3
1998-01-21,1,37,49,39,27,153,0,5
1998-01-24,40,44,26,18,13,141,4,1
1998-01-24,5,42,32,14,39,132,3,2
1998-01-28,23,35,26,39,7,130,1,4
1998-01-28,22,36,43,7,41,149,2,3
1998-01-31,39,22,49,14,34,158,3,2
1998-01-31,3,24,41,7,13,88,1,4
1998-02-04,44,31,36,43,6,160,3,2
1998-02-04,24,15,23,47,48,157,2,3
1998-02-07,28,1,30,29,10,98,3,2
1998-02-07,13,29,48,25,21,136,1,4
1998-02-11,34,27,18,46,35,160,3,2
1998-02-11,24,5,33,38,43,143,2,3
1998-02-14,32,41,1,28,36,138,3,2
1998-02-14,21,11,9,10,33,84,1,4
1998-02-18,23,13,49,8,30,123,2,3
1998-02-18,4,45,44,10,8,111,4,1
1998-02-21,19,10,11,29,31,100,1,4
1998-02-21,11,22,43,33,14,123,2,3
1998-02-25,46,29,30,28,13,146,3,2
1998-02-25,9,40,25,11,14,99,2,3
1998-02-28,10,37,16,44,22,129,4,1
1998-02-28,37,47,39,25,49,197,0,5
1998-03-04,33,43,12,41,45,174,1,4
1998-03-04,16,12,3,13,39,83,2,3
1998-03-07,10,18,37,47,40,152,3,2
1998-03-07,9,6,26,29,27,97,2,3
1998-03-11,16,5,20,38,21,100,3,2
1998-03-11,28,21,29,23,30,131,2,3
1998-03-14,43,45,46,15,29,178,1,4
1998-03-14,28,23,26,5,34,116,3,2
1998-03-18,35,22,2,7,6,72,3,2
1998-03-18,46,13,19,49,30,157,2,3
1998-03-21,5,31,28,48,13,125,2,3
1998-03-21,20,43,15,12,6,96,3,2
1998-03-25,43,42,18,27,28,158,3,2
1998-03-25,15,49,19,22,35,140,1,4
1998-03-28,20,32,41,7,23,123,2,3
1998-03-28,48,45,12,9,29,143,2,3
1998-04-01,41,31,30,13,45,160,1,4
1998-04-01,49,11,30,26,42,158,3,2
1998-04-04,40,17,7,26,44,134,3,2
1998-04-04,46,15,42,29,12,144,3,2
1998-04-08,36,3,48,33,47,167,2,3
1998-04-08,17,38,5,14,25,99,2,3
1998-04-11,22,38,46,16,5,127,4,1
1998-04-11,3,27,17,13,45,105,0,5
1998-04-15,11,40,30,28,5,114,3,2
1998-04-15,29,32,38,19,6,124,3,2
1998-04-18,36,10,9,27,19,101,2,3
1998-04-18,3,43,23,14,9,92,1,4
1998-04-22,13,8,4,32,28,85,4,1
1998-04-22,10,34,36,22,3,105,4,1
1998-04-25,16,20,32,14,25,107,4,1
1998-04-25,1,10,2,38,11,62,3,2
1998-04-29,33,16,43,27,12,131,2,3
1998-04-29,26,34,22,14,27,123,4,1
1998-05-02,13,46,49,38,37,183,2,3
1998-05-02,4,42,30,2,43,121,4,1
1998-05-06,28,35,13,19,43,138,1,4
1998-05-06,3,32,1,35,19,90,1,4
1998-05-09,13,23,49,15,21,121,0,5
1998-05-09,17,35,16,5,22,95,2,3
1998-05-13,21,38,30,43,24,156,3,2
1998-05-13,43,45,31,30,39,188,1,4
1998-05-16,6,24,21,37,30,118,3,2
1998-05-16,44,29,15,26,34,148,3,2
1998-05-20,16,31,39,3,5,94,1,4
1998-05-20,8,49,18,42,17,134,3,2
1998-05-23,1,23,25,2,4,55,2,3
1998-05-23,19,13,39,27,42,140,1,4
1998-05-27,41,21,34,32,13,141,2,3
1998-05-27,38,25,40,17,41,161,2,3
1998-05-30,20,23,24,40,47,154,3,2
1998-05-30,2,4,14,30,16,66,5,0
1998-06-03,46,2,14,23,35,120,3,2
1998-06-03,42,30,26,15,41,154,3,2
1998-06-06,31,35,28,14,47,155,2,3
1998-06-06,22,8,3,42,23,98,3,2
1998-06-10,32,4,11,6,1,54,3,2
1998-06-10,37,42,8,25,7,119,2,3
1998-06-13,15,24,48,1,42,130,3,2
1998-06-13,24,18,41,25,10,118,3,2
1998-06-17,24,41,5,33,22,125,2,3
1998-06-17,3,43,8,2,11,67,2,3
1998-06-20,15,42,10,5,3,75,2,3
1998-06-20,1,18,44,9,22,94,3,2
1998-06-24,25,33,23,43,20,144,1,4
1998-06-24,9,3,41,31,22,106,1,4
1998-06-27,48,9,4,18,2,81,4,1
1998-06-27,26,11,46,29,36,148,3,2
1998-07-01,25,42,35,46,49,197,2,3
1998-07-01,47,25,19,11,10,112,1,4
1998-07-04,33,47,8,20,15,123,2,3
1998-07-04,12,32,34,4,6,88,5,0
1998-07-08,45,7,21,20,14,107,2,3
1998-07-08,28,13,10,25,33,109,2,3
1998-07-11,10,2,1,9,31,53,2,3
1998-07-11,25,29,36,42,22,154,3,2
1998-07-15,9,48,45,43,28,173,2,3
1998-07-15,33,36,17,28,29,143,2,3
1998-07-18,46,41,10,17,30,144,3,2
1998-07-18,14,4,26,32,40,116,5,0
1998-07-22,29,21,10,33,7,100,1,4
1998-07-22,15,41,1,39,8,104,1,4
1998-07-25,24,40,8,27,21,120,3,2
1998-07-25,33,19,34,37,48,171,2,3
1998-07-29,16,31,14,29,28,118,3,2
1998-07-29,22,46,3,1,41,113,2,3
1998-08-01,19,40,14,4,20,97,4,1
1998-08-01,48,34,17,49,45,193,2,3
1998-08-05,41,19,29,8,3,100,1,4
1998-08-05,36,2,32,38,44,152,5,0
1998-08-08,27,16,7,39,29,118,1,4
1998-08-08,46,49,26,17,41,179,2,3
1998-08-12,25,30,47,10,26,138,3,2
1998-08-12,16,43,45,4,42,150,3,2
1998-08-15,39,21,29,28,40,157,2,3
1998-08-15,12,49,28,38,11,138,3,2
1998-08-19,24,49,14,12,47,146,3,2
1998-08-19,34,45,3,26,14,122,3,2
1998-08-22,37,40,49,4,30,160,3,2
1998-08-22,26,12,43,22,35,138,3,2
1998-08-26,43,16,12,15,49,135,2,3
1998-08-26,3,16,6,22,1,48,3,2
1998-08-29,23,31,5,9,20,88,1,4
1998-08-29,34,24,12,32,36,138,5,0
1998-09-02,1,27,29,49,46,152,1,4
1998-09-02,33,36,48,7,8,132,3,2
1998-09-05,16,31,27,30,22,126,3,2
1998-09-05,35,44,19,32,5,135,2,3
1998-09-09,25,36,32,47,26,166,3,2
1998-09-09,18,21,10,48,42,139,4,1
1998-09-12,2,46,18,20,39,125,4,1
1998-09-12,2,49,5,23,38,117,2,3
1998-09-16,10,22,36,26,38,132,5,0
1998-09-16,46,13,42,40,25,166,3,2
1998-09-19,46,48,31,25,38,188,3,2
1998-09-19,28,12,3,9,49,101,2,3
1998-09-23,27,19,40,9,22,117,2,3
1998-09-23,26,44,21,47,4,142,3,2
1998-09-26,32,26,28,10,42,138,5,0
1998-09-26,6,16,43,23,22,110,3,2
1998-09-30,2,45,11,47,36,141,2,3
1998-09-30,36,31,38,11,16,132,3,2
1998-10-03,12,37,36,22,5,112,3,2
1998-10-03,22,12,16,2,29,81,4,1
1998-10-07,16,24,32,26,44,142,5,0
1998-10-07,8,2,48,29,10,97,4,1
1998-10-10,36,37,44,16,41,174,3,2
1998-10-10,10,37,45,46,48,186,3,2
1998-10-14,36,16,15,26,4,97,4,1
1998-10-14,38,39,9,5,45,136,1,4
1998-10-17,35,47,28,30,4,144,3,2
1998-10-17,34,41,13,23,26,137,2,3
1998-10-21,26,15,11,8,47,107,2,3
1998-10-21,8,17,7,22,29,83,2,3
1998-10-24,12,3,27,37,33,112,1,4
1998-10-24,41,27,24,32,49,173,2,3
1998-10-28,18,31,23,36,25,133,2,3
1998-10-28,18,36,13,12,7,86,3,2
1998-10-31,3,1,43,38,9,94,1,4
1998-10-31,42,22,12,8,34,118,5,0
1998-11-04,43,17,46,42,38,186,3,2
1998-11-04,16,40,42,12,30,140,5,0
1998-11-07,15,10,29,25,30,109,2,3
1998-11-07,37,42,45,22,24,170,3,2
1998-11-11,8,42,39,34,24,147,4,1
1998-11-11,46,42,37,30,14,169,4,1
1998-11-14,15,30,33,21,6,105,2,3
1998-11-14,14,16,17,20,47,114,3,2
1998-11-18,5,37,49,17,8,116,1,4
1998-11-18,15,37,12,4,24,92,3,2
1998-11-21,24,19,9,41,1,94,1,4
1998-11-21,37,13,6,4,42,102,3,2
1998-11-25,17,16,4,9,38,84,3,2
1998-11-25,12,46,13,25,24,120,3,2
1998-11-28,35,18,44,24,2,123,4,1
1998-11-28,15,6,34,30,39,124,3,2
1998-12-02,15,24,38,40,21,138,3,2
1998-12-02,35,21,45,11,5,117,0,5
1998-12-05,44,9,5,46,12,116,3,2
1998-12-05,2,5,27,49,45,128,1,4
1998-12-09,16,34,11,24,26,111,4,1
1998-12-09,11,34,15,30,29,119,2,3
1998-12-12,28,6,1,2,4,41,4,1
1998-12-12,20,36,10,18,26,110,5,0
1998-12-16,24,14,21,42,15,116,3,2
1998-12-16,37,40,5,44,35,161,2,3
1998-12-19,48,23,24,31,20,146,3,2
1998-12-19,25,49,11,19,46,150,1,4
1998-12-23,13,16,38,42,46,155,4,1
1998-12-23,22,42,20,28,7,119,4,1
1998-12-26,15,18,30,21,39,123,2,3
1998-12-26,1,18,48,7,21,95,2,3
1998-12-30,15,33,18,23,13,102,1,4
1998-12-30,23,43,42,21,25,154,1,4
1999-01-02,16,27,2,42,32,119,4,1
1999-01-02,14,28,25,2,12,81,4,1
1999-01-06,19,28,33,3,10,93,2,3
1999-01-06,45,30,22,10,28,135,4,1
1999-01-09,25,14,41,35,23,138,1,4
1999-01-09,15,44,16,38,3,116,3,2
1999-01-13,8,22,11,6,49,96,3,2
1999-01-13,6,42,13,49,43,153,2,3
1999-01-16,19,48,34,21,15,137,2,3
1999-01-16,15,42,37,30,47,171,2,3
1999-01-20,34,4,46,36,3,123,4,1
1999-01-20,3,22,13,45,25,108,1,4
1999-01-23,35,4,29,18,1,87,2,3
1999-01-23,14,9,1,49,30,103,2,3
1999-01-27,40,1,38,2,47,128,3,2
1999-01-27,32,42,38,3,34,149,4,1
1999-01-30,19,15,33,16,7,90,1,4
1999-01-30,1,33,41,8,39,122,1,4
1999-02-03,21,45,38,20,15,139,2,3
1999-02-03,11,32,39,16,23,121,2,3
1999-02-06,27,41,6,34,39,147,2,3
1999-02-06,36,42,20,9,47,154,3,2
1999-02-10,12,3,27,11,13,66,1,4
1999-02-10,20,12,4,38,39,113,4,1
1999-02-13,3,10,45,20,27,105,2,3
1999-02-13,34,7,9,22,10,82,3,2
1999-02-17,39,9,36,20,1,105,2,3
1999-02-17,4,29,20,10,32,95,4,1
1999-02-20,39,27,43,16,45,170,1,4
1999-02-20,19,33,3,35,37,127,0,5
1999-02-24,16,12,13,11,29,81,2,3
1999-02-24,35,3,38,32,23,131,2,3
1999-02-27,31,19,36,6,15,107,2,3
1999-02-27,24,36,12,40,30,142,5,0
1999-03-03,38,17,1,35,16,107,2,3
1999-03-03,23,20,44,5,32,124,3,2
1999-03-06,21,26,30,24,44,145,4,1
1999-03-06,26,34,3,16,30,109,4,1
1999-03-10,6,23,33,1,4,67,2,3
1999-03-10,40,21,6,26,15,108,3,2
1999-03-13,38,25,17,34,12,126,3,2
1999-03-13,30,19,34,3,32,118,3,2
1999-03-17,14,36,31,47,23,151,2,3
1999-03-17,48,45,49,6,13,161,2,3
1999-03-20,38,14,13,48,42,155,4,1
1999-03-20,22,25,39,24,5,115,2,3
1999-03-24,31,12,11,41,9,104,1,4
1999-03-24,1,28,7,11,48,95,2,3
1999-03-27,14,17,8,28,19,86,3,2
1999-03-27,16,14,15,1,40,86,3,2
1999-03-31,26,4,39,25,9,103,2,3
1999-03-31,43,25,47,41,10,166,1,4
1999-04-03,18,42,28,13,31,132,3,2
1999-04-03,24,38,10,5,23,100,3,2
1999-04-07,10,17,28,16,9,80,3,2
1999-04-07,5,11,49,22,41,128,1,4
1999-04-10,40,14,30,39,37,160,3,2
1999-04-10,7,35,44,29,20,135,2,3
1999-04-14,29,32,39,23,30,153,2,3
1999-04-14,39,34,33,32,21,159,2,3
1999-04-17,26,37,18,34,28,143,4,1
1999-04-17,20,15,21,26,9,91,2,3
1999-04-21,33,7,12,42,27,121,2,3
1999-04-21,9,4,16,12,38,79,4,1
1999-04-24,16,32,9,13,3,73,2,3
1999-04-24,21,12,15,30,16,94,3,2
1999-04-28,19,9,6,15,24,73,2,3
1999-04-28,5,15,35,47,42,144,1,4
1999-05-01,4,41,29,19,18,111,2,3
1999-05-01,20,27,21,31,42,141,2,3
1999-05-05,30,41,12,28,19,130,3,2
1999-05-05,37,26,36,16,35,150,3,2
1999-05-08,49,24,47,22,23,165,2,3
1999-05-08,43,13,4,2,23,85,2,3
1999-05-12,11,17,45,4,26,103,2,3
1999-05-12,46,34,47,19,35,181,2,3
1999-05-15,40,43,2,27,39,151,2,3
1999-05-15,25,37,44,35,42,183,2,3
1999-05-19,22,32,47,26,37,164,3,2
1999-05-19,1,20,29,47,44,141,2,3
1999-05-22,7,5,20,43,21,96,1,4
1999-05-22,45,1,10,23,11,90,1,4
1999-05-26,38,40,37,1,10,126,3,2
1999-05-26,44,22,46,19,14,145,4,1
1999-05-29,4,48,13,36,47,148,3,2
1999-05-29,26,18,25,5,46,120,3,2
1999-06-02,29,22,38,2,37,128,3,2
1999-06-02,23,20,4,40,2,89,4,1
1999-06-05,6,39,35,17,36,133,2,3
1999-06-05,44,42,19,16,22,143,4,1
1999-06-09,18,9,14,49,12,102,3,2
1999-06-09,17,5,22,3,35,82,1,4
1999-06-12,11,24,49,6,38,128,3,2
1999-06-12,18,20,46,14,27,125,4,1
1999-06-16,46,37,31,36,15,165,2,3
1999-06-16,3,5,37,39,46,130,1,4
1999-06-19,34,20,35,40,30,159,4,1
1999-06-19,2,40,19,8,45,114,3,2
1999-06-23,42,19,10,16,8,95,4,1
1999-06-23,26,20,14,33,23,116,3,2
1999-06-26,46,9,2,22,5,84,3,2
1999-06-26,30,47,37,35,36,185,2,3
1999-06-30,20,26,6,21,34,107,4,1
1999-06-30,42,5,22,39,46,154,3,2
1999-07-03,38,19,32,31,15,135,2,3
1999-07-03,32,23,24,37,3,119,2,3
1999-07-07,27,22,14,24,37,124,3,2
1999-07-07,3,29,19,27,30,108,1,4
1999-07-10,28,6,34,22,20,110,5,0
1999-07-10,3,48,7,15,23,96,1,4
1999-07-14,48,44,42,28,1,163,4,1
1999-07-14,16,17,8,29,14,84,3,2
1999-07-17,7,8,34,38,29,116,3,2
1999-07-17,25,7,11,27,24,94,1,4
1999-07-21,34,20,27,13,5,99,2,3
1999-07-21,36,40,20,19,28,143,4,1
1999-07-24,49,9,15,37,36,146,1,4
1999-07-24,20,10,2,41,26,99,4,1
1999-07-28,47,24,34,48,21,174,3,2
1999-07-28,20,9,37,39,6,111,2,3
1999-07-31,7,18,31,28,10,94,3,2
1999-07-31,40,45,32,47,16,180,3,2
1999-08-04,40,28,22,30,29,149,4,1
1999-08-04,23,4,41,12,26,106,3,2
1999-08-07,31,14,32,7,11,95,2,3
1999-08-07,31,20,40,30,3,124,3,2
1999-08-11,11,31,1,47,32,122,1,4
1999-08-11,15,24,47,38,28,152,3,2
1999-08-14,15,33,35,9,19,111,0,5
1999-08-14,44,5,33,1,39,122,1,4
1999-08-18,17,4,20,44,49,134,3,2
1999-08-18,21,46,33,15,7,122,1,4
1999-08-21,10,1,31,34,14,90,3,2
1999-08-21,41,11,46,34,26,158,3,2
1999-08-25,47,7,20,9,23,106,1,4
1999-08-25,8,48,6,12,15,89,4,1
1999-08-28,7,1,40,5,2,55,2,3
1999-08-28,7,17,44,25,47,140,1,4
1999-09-01,11,18,6,7,28,70,3,2
1999-09-01,26,9,4,19,11,69,2,3
1999-09-04,15,47,41,38,6,147,2,3
1999-09-04,3,47,36,26,39,151,2,3
1999-09-08,33,25,49,31,48,186,1,4
1999-09-08,42,6,40,45,7,140,3,2
1999-09-11,10,24,18,17,4,73,4,1
1999-09-11,3,49,9,23,48,132,1,4
1999-09-15,1,8,42,3,45,99,2,3
1999-09-15,3,30,13,37,43,126,1,4
1999-09-18,12,9,11,35,7,74,1,4
1999-09-18,33,26,15,35,22,131,2,3
1999-09-22,30,37,17,25,46,155,2,3
1999-09-22,6,8,14,31,20,79,4,1
1999-09-25,10,5,11,2,15,43,2,3
1999-09-25,45,22,49,48,12,176,3,2
1999-09-29,30,38,2,12,1,83,4,1
1999-09-29,3,11,13,22,28,77,2,3
1999-10-02,45,12,7,33,23,120,1,4
1999-10-02,45,27,2,3,21,98,1,4
1999-10-06,38,5,39,20,42,144,3,2
1999-10-06,49,35,39,25,46,194,1,4
1999-10-09,49,27,21,34,5,136,1,4
1999-10-09,42,29,20,33,30,154,3,2
1999-10-13,32,35,2,36,44,149,4,1
1999-10-13,10,26,12,9,30,87,4,1
1999-10-16,33,26,42,13,6,120,3,2
1999-10-16,47,2,15,5,11,80,1,4
1999-10-20,7,23,12,38,39,119,2,3
1999-10-20,28,21,18,14,7,88,3,2
1999-10-23,12,28,23,26,49,138,3,2
1999-10-23,3,32,1,13,16,65,2,3
1999-10-27,33,3,31,25,34,126,1,4
1999-10-27,12,23,48,3,38,124,3,2
1999-10-30,2,24,23,6,1,56,3,2
1999-10-30,27,17,10,49,5,108,1,4
1999-11-03,20,24,29,21,15,109,2,3
1999-11-03,32,43,8,25,35,143,2,3
1999-11-06,38,36,7,45,12,138,3,2
1999-11-06,17,29,3,39,12,100,1,4
1999-11-10,33,9,40,23,1,106,1,4
1999-11-10,36,10,21,29,47,143,2,3
1999-11-13,11,35,20,49,23,138,1,4
1999-11-13,11,38,12,31,4,96,3,2
1999-11-17,49,2,19,34,29,133,2,3
1999-11-17,36,35,20,8,24,123,4,1
1999-11-20,19,45,2,25,10,101,2,3
1999-11-20,1,41,2,25,48,117,2,3
1999-11-24,14,30,37,13,49,143,2,3
1999-11-24,6,31,47,44,40,168,3,2
1999-11-27,40,42,6,35,19,142,3,2
1999-11-27,31,48,33,4,5,121,2,3
1999-12-01,49,14,21,4,24,112,3,2
1999-12-01,4,1,49,23,26,103,2,3
1999-12-04,1,19,31,43,4,98,1,4
1999-12-04,48,45,21,43,16,173,2,3
1999-12-08,24,20,12,5,7,68,3,2
1999-12-08,45,46,1,32,9,133,2,3
1999-12-11,28,40,22,2,37,129,4,1
1999-12-11,11,48,45,35,46,185,2,3
1999-12-15,45,43,35,2,12,137,2,3
1999-12-15,34,4,27,49,6,120,3,2
1999-12-18,30,38,39,19,37,163,2,3
1999-12-18,19,45,37,9,2,112,1,4
1999-12-22,8,41,43,33,44,169,2,3
1999-12-22,28,21,27,6,31,113,2,3
1999-12-25,23,8,49,11,47,138,1,4
1999-12-25,37,14,36,41,1,129,2,3
1999-12-29,15,26,19,47,27,134,1,4
1999-12-29,45,25,11,39,38,158,1,4
2000-01-01,35,28,27,39,30,159,2,3
2000-01-01,43,35,49,12,2,141,2,3
2000-01-05,6,47,42,11,3,109,2,3
2000-01-05,15,22,13,21,27,98,1,4
2000-01-08,23,31,36,14,35,139,2,3
2000-01-08,29,31,40,21,44,165,2,3
2000-01-12,25,22,7,4,26,84,3,2
2000-01-12,7,29,36,30,18,120,3,2
2000-01-15,43,8,14,12,7,84,3,2
2000-01-15,42,16,7,46,30,141,4,1
2000-01-19,40,5,1,10,49,105,2,3
2000-01-19,22,39,25,10,41,137,2,3
2000-01-22,18,23,9,4,28,82,3,2
2000-01-22,14,28,37,16,7,102,3,2
2000-01-26,4,22,48,15,11,100,3,2
2000-01-26,19,12,25,48,47,151,2,3
2000-01-29,12,7,32,9,3,63,2,3
2000-01-29,45,43,37,28,44,197,2,3
2000-02-02,9,47,4,7,44,111,2,3
2000-02-02,12,16,6,7,41,82,3,2
2000-02-05,45,21,48,25,33,172,1,4
2000-02-05,28,41,22,33,49,173,2,3
2000-02-09,14,10,49,19,5,97,2,3
2000-02-09,41,38,20,49,40,188,3,2
2000-02-12,31,44,3,9,34,121,2,3
2000-02-12,22,15,7,17,18,79,2,3
2000-02-16,22,33,40,18,23,136,3,2
2000-02-16,3,8,29,31,18,89,2,3
2000-02-19,43,12,8,3,7,73,2,3
2000-02-19,21,17,48,4,39,129,2,3
2000-02-23,37,1,10,5,44,97,2,3
2000-02-23,30,17,2,12,39,100,3,2
2000-02-26,11,33,3,43,9,99,0,5
2000-02-26,11,12,17,29,30,99,2,3
2000-03-01,5,27,7,28,32,99,2,3
2000-03-01,42,24,3,18,28,115,4,1
2000-03-04,16,6,44,4,33,103,4,1
2000-03-04,48,24,18,11,42,143,4,1
2000-03-08,5,33,23,36,27,124,1,4
2000-03-08,21,31,4,48,42,146,3,2
2000-03-11,47,45,26,17,43,178,1,4
2000-03-11,45,15,18,44,14,136,3,2
2000-03-15,36,25,41,39,24,165,2,3
2000-03-15,12,30,2,47,48,139,4,1
2000-03-18,11,15,32,47,24,129,2,3
2000-03-18,4,13,38,43,31,129,2,3
2000-03-22,6,44,28,19,21,118,3,2
2000-03-22,46,33,3,11,43,136,1,4
2000-03-25,7,46,30,37,47,167,2,3
2000-03-25,26,43,45,4,10,128,3,2
2000-03-29,32,12,1,17,26,88,3,2
2000-03-29,36,27,47,35,39,184,1,4
2000-04-01,47,36,32,44,26,185,4,1
2000-04-01,44,31,35,18,37,165,2,3
2000-04-05,42,20,29,43,31,165,2,3
2000-04-05,24,44,41,47,15,171,2,3
2000-04-08,8,4,47,44,6,109,4,1
2000-04-08,23,1,24,31,44,123,2,3
2000-04-12,7,33,15,37,34,126,1,4
2000-04-12,48,14,36,21,46,165,4,1
2000-04-15,41,24,13,22,42,142,3,2
2000-04-15,46,47,24,17,45,179,2,3
2000-04-19,32,19,43,20,34,148,3,2
2000-04-19,46,30,12,5,42,135,4,1
2000-04-22,10,47,4,1,18,80,3,2
2000-04-22,18,48,44,6,28,144,5,0
2000-04-26,9,14,13,33,30,99,2,3
2000-04-26,10,42,31,35,20,138,3,2
2000-04-29,4,30,44,15,34,127,4,1
2000-04-29,25,6,38,49,29,147,2,3
2000-05-03,39,34,35,30,45,183,2,3
2000-05-03,27,28,36,48,8,147,4,1
2000-05-06,11,48,21,26,17,123,2,3
2000-05-06,1,15,39,19,30,104,1,4
2000-05-10,42,46,21,31,2,142,3,2
2000-05-10,46,30,19,45,41,181,2,3
2000-05-13,5,32,13,21,37,108,1,4
2000-05-13,24,10,18,47,41,140,3,2
2000-05-17,5,39,32,49,34,159,2,3
2000-05-17,35,21,49,14,40,159,2,3
2000-05-20,49,31,26,48,13,167,2,3
2000-05-20,46,36,8,7,15,112,3,2
2000-05-24,34,14,6,30,11,95,4,1
2000-05-24,42,39,17,4,33,135,2,3
2000-05-27,10,15,23,40,47,135,2,3
2000-05-27,9,6,27,13,28,83,2,3
2000-05-31,13,41,15,34,46,149,2,3
2000-05-31,17,15,24,41,20,117,2,3
2000-06-03,35,44,49,12,36,176,3,2
2000-06-03,4,34,23,26,21,108,3,2
2000-06-07,39,7,47,10,30,133,2,3
2000-06-07,37,3,31,25,43,139,0,5
2000-06-10,39,42,5,3,33,122,1,4
2000-06-10,45,18,42,7,34,146,3,2
2000-06-14,38,24,39,16,17,134,3,2
2000-06-14,34,39,15,25,37,150,1,4
2000-06-17,48,41,44,29,4,166,3,2
2000-06-17,2,4,25,9,23,63,2,3
2000-06-21,17,47,2,21,33,120,1,4
2000-06-21,28,37,1,22,13,101,2,3
2000-06-24,22,3,38,21,49,133,2,3
2000-06-24,30,29,24,13,2,98,3,2
2000-06-28,22,20,10,4,25,81,4,1
2000-06-28,31,12,30,22,28,123,4,1
2000-07-01,44,24,4,14,38,124,5,0
2000-07-01,2,17,8,9,34,70,3,2
2000-07-05,37,3,24,41,40,145,2,3
2000-07-05,39,8,35,44,33,159,2,3
2000-07-08,19,40,6,46,34,145,4,1
2000-07-08,36,44,32,34,17,163,4,1
2000-07-12,45,41,2,9,12,109,2,3
2000-07-12,10,44,20,47,13,134,3,2
2000-07-15,10,37,22,29,46,144,3,2
2000-07-15,40,43,9,2,1,95,2,3
2000-07-19,25,30,1,44,23,123,2,3
2000-07-19,41,4,47,44,42,178,3,2
2000-07-22,44,36,45,28,37,190,3,2
2000-07-22,29,2,11,6,12,60,3,2
2000-07-26,30,10,27,1,3,71,2,3
2000-07-26,44,16,9,45,7,121,2,3
2000-07-29,23,13,36,17,37,126,1,4
2000-07-29,7,8,10,27,46,98,3,2
2000-08-02,14,28,17,46,34,139,4,1
2000-08-02,4,49,27,41,18,139,2,3
2000-08-05,27,24,5,33,29,118,1,4
2000-08-05,34,49,7,19,38,147,2,3
2000-08-09,8,1,16,26,45,96,3,2
2000-08-09,9,38,39,34,49,169,2,3
2000-08-12,15,43,22,19,23,122,1,4
2000-08-12,47,34,49,42,35,207,2,3
2000-08-16,33,2,28,8,14,85,4,1
2000-08-16,40,5,36,35,30,146,3,2
2000-08-19,2,45,49,22,3,121,2,3
2000-08-19,40,9,43,7,6,105,2,3
2000-08-23,41,44,27,37,29,178,1,4
2000-08-23,41,6,18,13,17,95,2,3
2000-08-26,45,49,30,37,11,172,1,4
2000-08-26,47,18,12,33,34,144,3,2
2000-08-30,10,9,13,19,34,85,2,3
2000-08-30,7,2,1,20,37,67,2,3
2000-09-02,23,19,11,41,40,134,1,4
2000-09-02,6,3,20,41,26,96,3,2
2000-09-06,14,42,4,47,29,136,3,2
2000-09-06,19,25,41,23,16,124,1,4
2000-09-09,14,49,17,16,48,144,3,2
2000-09-09,5,24,19,18,45,111,2,3
2000-09-13,10,26,31,34,41,142,3,2
2000-09-13,34,31,20,22,14,121,4,1
2000-09-16,48,9,7,35,23,122,1,4
2000-09-16,39,23,48,2,9,121,2,3
2000-09-20,35,40,4,33,29,141,2,3
2000-09-20,13,45,32,46,8,144,3,2
2000-09-23,24,34,35,27,42,162,3,2
2000-09-23,28,9,13,18,42,110,3,2
2000-09-27,2,38,22,46,33,141,4,1
2000-09-27,12,19,23,15,37,106,1,4
2000-09-30,37,16,24,32,13,122,3,2
2000-09-30,16,12,14,4,5,51,4,1
2000-10-04,44,30,47,9,11,141,2,3
2000-10-04,43,8,13,16,1,81,2,3
2000-10-07,45,33,24,17,10,129,2,3
2000-10-07,18,46,48,32,30,174,5,0
2000-10-11,24,48,44,12,39,167,4,1
2000-10-11,9,42,40,31,44,166,3,2
2000-10-14,42,36,13,30,5,126,3,2
2000-10-14,29,27,17,11,18,102,1,4
2000-10-18,45,41,34,19,8,147,2,3
2000-10-18,18,38,19,22,23,120,3,2
2000-10-21,29,21,45,20,13,128,1,4
2000-10-21,43,28,37,19,42,169,2,3
2000-10-25,20,29,34,36,16,135,4,1
2000-10-25,17,33,5,46,8,109,2,3
2000-10-28,6,23,7,28,24,88,3,2
2000-10-28,3,31,34,4,26,98,3,2
2000-11-01,15,16,10,23,30,94,3,2
2000-11-01,17,32,24,48,26,147,4,1
2000-11-04,41,16,22,8,24,111,4,1
2000-11-04,37,23,1,30,34,125,2,3
2000-11-08,43,28,20,30,26,147,4,1
2000-11-08,27,1,3,23,33,87,0,5
2000-11-11,27,20,22,2,47,118,3,2
2000-11-11,16,44,31,38,14,143,4,1
2000-11-15,10,31,12,8,48,109,4,1
2000-11-15,7,2,46,34,3,92,3,2
2000-11-18,35,25,39,46,38,183,2,3
2000-11-18,36,9,17,16,25,103,2,3
2000-11-22,22,45,14,46,32,159,4,1
2000-11-22,45,11,25,31,14,126,1,4
2000-11-25,3,31,27,23,49,133,0,5
2000-11-25,46,2,5,15,16,84,3,2
2000-11-29,3,17,15,30,10,75,2,3
2000-11-29,1,31,46,2,14,94,3,2
2000-12-02,15,11,34,23,33,116,1,4
2000-12-02,9,48,1,15,44,117,2,3
2000-12-06,13,2,21,22,18,76,3,2
2000-12-06,22,23,1,31,4,81,2,3
2000-12-09,38,32,18,42,35,165,4,1
2000-12-09,21,18,19,49,44,151,2,3
2000-12-13,7,34,27,47,2,117,2,3
2000-12-13,21,24,29,4,44,122,3,2
2000-12-16,35,41,32,11,33,152,1,4
2000-12-16,41,34,20,8,48,151,4,1
2000-12-20,36,28,21,24,7,116,3,2
2000-12-20,1,35,41,40,9,126,1,4
2000-12-23,35,15,47,49,9,155,0,5
2000-12-23,30,19,39,31,8,127,2,3
2000-12-27,31,26,10,15,37,119,2,3
2000-12-27,3,31,13,39,44,130,1,4
2000-12-30,1,13,6,33,22,75,2,3
2000-12-30,18,22,29,49,21,139,2,3
2001-01-03,30,35,1,44,49,159,2,3
2001-01-03,35,23,43,37,17,155,0,5
2001-01-06,45,29,19,26,9,128,1,4
2001-01-06,45,19,34,26,16,140,3,2
2001-01-10,22,25,19,11,20,97,2,3
2001-01-10,27,2,48,47,35,159,2,3
2001-01-13,3,46,45,28,18,140,3,2
2001-01-13,22,23,42,43,28,158,3,2
2001-01-17,32,43,49,15,36,175,2,3
2001-01-17,18,21,27,1,37,104,1,4
2001-01-20,12,32,16,14,45,119,4,1
2001-01-20,11,40,6,39,30,126,3,2
2001-01-24,20,33,46,17,1,117,2,3
2001-01-24,49,36,25,18,44,172,3,2
2001-01-27,10,2,18,48,42,120,5,0
2001-01-27,11,32,46,28,1,118,3,2
2001-01-31,29,33,43,27,44,176,1,4
2001-01-31,47,1,39,37,5,129,0,5
2001-02-03,15,11,38,9,49,122,1,4
2001-02-03,43,19,15,32,1,110,1,4
2001-02-07,32,16,9,10,34,101,4,1
2001-02-07,33,45,48,40,36,202,3,2
2001-02-10,23,42,20,46,11,142,3,2
2001-02-10,43,14,26,7,17,107,2,3
2001-02-14,46,23,38,48,19,174,3,2
2001-02-14,4,27,23,3,48,105,2,3
2001-02-17,28,11,40,18,48,145,4,1
2001-02-17,28,35,46,1,22,132,3,2
2001-02-21,39,11,12,10,5,77,2,3
2001-02-21,6,46,32,20,8,112,5,0
2001-02-24,49,18,23,31,14,135,2,3
2001-02-24,16,35,28,25,18,122,3,2
2001-02-28,1,25,11,24,41,102,1,4
2001-02-28,21,15,12,36,41,125,2,3
2001-03-03,35,26,46,24,22,153,4,1
2001-03-03,25,34,36,1,4,100,3,2
2001-03-07,26,28,42,9,40,145,4,1
2001-03-07,11,1,6,27,14,59,2,3
2001-03-10,32,14,27,22,12,107,4,1
2001-03-10,2,37,46,42,27,154,3,2
2001-03-14,31,29,4,15,47,126,1,4
2001-03-14,40,34,36,6,42,158,5,0
2001-03-17,39,22,29,3,33,126,1,4
2001-03-17,28,47,16,49,29,169,2,3
2001-03-21,3,13,16,46,23,101,2,3
2001-03-21,20,3,42,23,2,90,3,2
2001-03-24,32,12,7,10,34,95,4,1
2001-03-24,49,35,48,9,44,185,2,3
2001-03-28,14,30,20,46,31,141,4,1
2001-03-28,31,8,24,45,36,144,3,2
2001-03-31,18,8,17,41,21,105,2,3
2001-03-31,20,33,42,44,1,140,3,2
2001-04-04,16,2,43,42,9,112,3,2
2001-04-04,40,33,47,23,16,159,2,3
2001-04-07,11,42,15,34,13,115,2,3
2001-04-07,35,2,24,27,5,93,2,3
2001-04-11,35,9,29,40,38,151,2,3
2001-04-11,45,48,41,29,32,195,2,3
2001-04-14,39,10,43,47,2,141,2,3
2001-04-14,19,17,20,2,26,84,3,2
2001-04-18,20,29,27,48,10,134,3,2
2001-04-18,12,20,24,29,48,133,4,1
2001-04-21,31,43,26,15,6,121,2,3
2001-04-21,33,27,13,30,14,117,2,3
2001-04-25,6,49,10,46,33,144,3,2
2001-04-25,48,41,49,43,42,223,2,3
2001-04-28,34,39,30,8,42,153,4,1
2001-04-28,9,14,30,20,26,99,4,1
2001-05-02,30,41,49,23,24,167,2,3
2001-05-02,4,7,18,15,44,88,3,2
2001-05-05,36,2,12,17,7,74,3,2
2001-05-05,29,49,33,28,10,149,2,3
2001-05-09,12,48,18,23,42,143,4,1
2001-05-09,34,38,10,2,24,108,5,0
2001-05-12,38,43,12,37,22,152,3,2
2001-05-12,21,27,1,8,33,90,1,4
2001-05-16,31,39,42,30,4,146,3,2
2001-05-16,23,2,27,18,48,118,3,2
2001-05-19,8,40,16,46,23,133,4,1
2001-05-19,23,11,36,32,42,144,3,2
2001-05-23,5,49,44,9,13,120,1,4
2001-05-23,6,25,16,21,38,106,3,2
2001-05-26,34,21,35,5,47,142,1,4
2001-05-26,11,41,45,8,37,142,1,4
2001-05-30,14,33,21,3,8,79,2,3
2001-05-30,19,17,32,28,23,119,2,3
2001-06-02,30,32,10,41,8,121,4,1
2001-06-02,4,18,30,19,45,116,3,2
2001-06-06,11,39,2,48,3,103,2,3
2001-06-06,18,36,46,28,5,133,4,1
2001-06-09,5,30,33,21,3,92,1,4
2001-06-09,11,49,48,15,6,129,2,3
2001-06-13,26,31,27,29,43,156,1,4
2001-06-13,20,32,1,22,35,110,3,2
2001-06-16,4,18,20,15,47,104,3,2
2001-06-16,46,16,23,27,14,126,3,2
2001-06-20,27,16,30,36,10,119,4,1
2001-06-20,36,3,1,23,8,71,2,3
2001-06-23,32,27,9,4,22,94,3,2
2001-06-23,4,11,12,10,41,78,3,2
2001-06-27,38,37,45,21,31,172,1,4
2001-06-27,14,43,49,12,5,123,2,3
2001-06-30,16,49,25,20,14,124,3,2
2001-06-30,30,27,23,11,35,126,1,4
2001-07-04,19,36,4,5,23,87,2,3
2001-07-04,44,4,26,3,9,86,3,2
2001-07-07,46,21,44,6,38,155,4,1
2001-07-07,34,39,9,27,35,144,1,4
2001-07-11,29,49,23,16,22,139,2,3
2001-07-11,49,12,17,47,46,171,2,3
2001-07-14,39,31,41,36,22,169,2,3
2001-07-14,40,41,16,44,3,144,3,2
2001-07-18,40,48,17,29,23,157,2,3
2001-07-18,25,9,21,13,29,97,0,5
2001-07-21,37,3,43,47,23,153,0,5
2001-07-21,9,10,41,29,3,92,1,4
2001-07-25,7,44,2,17,15,85,2,3
2001-07-25,14,2,6,37,1,60,3,2
2001-07-28,10,20,39,2,5,76,3,2
2001-07-28,35,15,23,6,20,99,2,3
2001-08-01,4,6,19,13,30,72,3,2
2001-08-01,23,40,20,9,19,111,2,3
2001-08-04,46,23,1,36,15,121,2,3
2001-08-04,30,10,32,49,42,163,4,1
2001-08-08,18,6,27,38,49,138,3,2
2001-08-08,15,7,13,20,24,79,2,3
2001-08-11,27,34,10,37,45,153,2,3
2001-08-11,6,43,45,41,10,145,2,3
2001-08-15,32,3,49,22,29,135,2,3
2001-08-15,34,39,37,36,19,165,2,3
2001-08-18,21,19,24,27,2,93,2,3
2001-08-18,46,6,25,32,7,116,3,2
2001-08-22,18,19,36,13,6,92,3,2
2001-08-22,15,9,24,25,36,109,2,3
2001-08-25,36,34,7,29,31,137,2,3
2001-08-25,25,36,4,1,47,113,2,3
2001-08-29,31,48,23,15,37,154,1,4
2001-08-29,30,35,27,39,8,139,2,3
2001-09-01,2,43,20,27,3,95,2,3
2001-09-01,32,31,16,36,30,145,4,1
2001-09-05,15,7,31,11,27,91,0,5
2001-09-05,48,39,19,47,23,176,1,4
2001-09-08,45,49,44,9,16,163,2,3
2001-09-08,15,25,2,48,38,128,3,2
2001-09-12,46,47,15,30,43,181,2,3
2001-09-12,34,35,13,23,12,117,2,3
2001-09-15,46,37,47,22,6,158,3,2
2001-09-15,22,30,48,13,20,133,4,1
2001-09-19,37,10,31,13,32,123,2,3
2001-09-19,12,6,35,42,34,129,4,1
2001-09-22,39,16,17,37,27,136,1,4
2001-09-22,38,40,24,35,48,185,4,1
2001-09-26,1,26,10,41,30,108,3,2
2001-09-26,39,19,45,30,35,168,1,4
2001-09-29,48,14,23,38,39,162,3,2
2001-09-29,27,49,22,3,18,119,2,3
2001-10-03,5,49,12,22,10,98,3,2
2001-10-03,44,32,33,42,43,194,3,2
2001-10-06,6,20,27,39,4,96,3,2
2001-10-06,41,38,36,30,27,172,3,2
2001-10-10,17,38,1,48,23,127,2,3
2001-10-10,19,14,26,16,22,97,4,1
2001-10-13,37,2,36,28,33,136,3,2
2001-10-13,1,30,21,12,20,84,3,2
2001-10-17,8,17,26,35,44,130,3,2
2001-10-17,43,12,4,9,18,86,3,2
2001-10-20,35,24,3,38,23,123,2,3
2001-10-20,44,36,30,24,23,157,4,1
2001-10-24,34,1,45,39,35,154,1,4
2001-10-24,15,35,6,4,11,71,2,3
2001-10-27,6,2,27,46,10,91,4,1
2001-10-27,37,32,28,6,26,129,4,1
2001-10-31,11,28,32,40,38,149,4,1
2001-10-31,45,9,25,29,47,155,0,5
2001-11-03,8,25,36,12,22,103,4,1
2001-11-03,5,10,9,30,42,96,3,2
2001-11-07,19,32,40,20,37,148,3,2
2001-11-07,31,24,22,46,35,158,3,2
2001-11-10,1,27,18,26,16,88,3,2
2001-11-10,34,41,11,44,5,135,2,3
2001-11-14,6,44,9,45,37,141,2,3
2001-11-14,5,45,34,31,28,143,2,3
2001-11-17,28,36,31,34,7,136,3,2
2001-11-17,4,6,10,39,31,90,3,2
2001-11-21,33,47,16,42,37,175,2,3
2001-11-21,35,4,5,49,3,96,1,4
2001-11-24,24,16,27,1,37,105,2,3
2001-11-24,41,27,9,8,32,117,2,3
2001-11-28,36,25,31,29,32,153,2,3
2001-11-28,23,21,7,11,31,93,0,5
2001-12-01,19,1,25,20,22,87,2,3
2001-12-01,38,39,26,41,45,189,2,3
2001-12-05,35,36,19,28,7,125,2,3
2001-12-05,8,37,49,29,24,147,2,3
2001-12-08,42,17,34,14,48,155,4,1
2001-12-08,45,9,41,6,39,140,1,4
2001-12-12,5,35,44,17,37,138,1,4
2001-12-12,28,2,19,43,41,133,2,3
2001-12-15,16,14,11,40,27,108,3,2
2001-12-15,26,21,45,24,2,118,3,2
2001-12-19,49,20,35,16,47,167,2,3
2001-12-19,48,1,5,9,24,87,2,3
2001-12-22,31,36,38,22,2,129,4,1
2001-12-22,13,21,36,23,16,109,2,3
2001-12-26,40,1,36,41,28,146,3,2
2001-12-26,8,7,37,34,44,130,3,2
2001-12-29,17,40,28,37,44,166,3,2
2001-12-29,37,24,44,35,46,186,3,2
2002-01-02,9,16,34,17,36,112,3,2
2002-01-02,5,39,7,28,18,97,2,3
2002-01-05,3,19,27,16,24,89,2,3
2002-01-05,9,34,13,25,7,88,1,4
2002-01-09,21,10,44,7,5,87,2,3
2002-01-09,8,12,48,19,2,89,4,1
2002-01-12,20,29,31,48,17,145,2,3
2002-01-12,42,12,3,45,26,128,3,2
2002-01-16,35,26,18,14,17,110,3,2
2002-01-16,13,26,48,41,30,158,3,2
2002-01-19,29,1,27,45,17,119,0,5
2002-01-19,46,3,17,44,25,135,2,3
2002-01-23,34,44,4,43,45,170,3,2
2002-01-23,5,32,19,45,34,135,2,3
2002-01-26,18,24,7,41,27,117,2,3
2002-01-26,23,40,33,10,14,120,3,2
2002-01-30,14,10,26,21,19,90,3,2
2002-01-30,25,5,46,22,21,119,2,3
2002-02-02,47,19,4,10,30,110,3,2
2002-02-02,48,14,5,45,6,118,3,2
2002-02-06,2,45,12,43,38,140,3,2
2002-02-06,33,18,14,10,7,82,3,2
2002-02-09,9,7,3,31,4,54,1,4
2002-02-09,41,4,46,31,32,154,3,2
2002-02-13,2,39,23,38,17,119,2,3
2002-02-13,44,12,37,31,24,148,3,2
2002-02-16,35,47,31,42,4,159,2,3
2002-02-16,47,21,23,7,37,135,0,5
2002-02-20,16,2,24,4,45,91,4,1
2002-02-20,6,46,4,19,8,83,4,1
2002-02-23,39,20,11,23,3,96,1,4
2002-02-23,3,49,17,43,11,123,0,5
2002-02-27,18,4,37,42,46,147,4,1
2002-02-27,43,29,45,6,32,155,2,3
2002-03-02,32,29,49,23,45,178,1,4
2002-03-02,10,39,1,37,40,127,2,3
2002-03-06,34,49,9,17,22,131,2,3
2002-03-06,16,3,1,33,10,63,2,3
2002-03-09,8,21,25,48,34,136,3,2
2002-03-09,22,30,38,15,25,130,3,2
2002-03-13,39,18,42,11,8,118,3,2
2002-03-13,26,21,45,25,6,123,2,3
2002-03-16,31,33,26,40,3,133,2,3
2002-03-16,12,34,39,17,40,142,3,2
2002-03-20,43,48,38,14,49,192,3,2
2002-03-20,14,17,27,16,37,111,2,3
2002-03-23,10,8,42,3,46,109,4,1
2002-03-23,2,47,39,13,36,137,2,3
2002-03-27,23,32,19,16,26,116,3,2
2002-03-27,47,35,21,30,49,182,1,4
2002-03-30,10,2,1,4,9,26,3,2
2002-03-30,48,25,40,13,24,150,3,2
2002-04-03,36,24,33,38,15,146,3,2
2002-04-03,15,38,29,18,43,143,2,3
2002-04-06,15,10,2,8,13,48,3,2
2002-04-06,16,25,19,9,4,73,2,3
2002-04-10,27,9,36,22,46,140,3,2
2002-04-10,4,13,12,47,35,111,2,3
2002-04-13,34,15,8,18,22,97,4,1
2002-04-13,12,24,30,1,38,105,4,1
2002-04-17,15,27,6,33,26,107,2,3
2002-04-17,15,31,11,7,27,91,0,5
2002-04-20,33,3,20,41,11,108,1,4
2002-04-20,46,34,11,20,16,127,4,1
2002-04-24,44,13,32,16,49,154,3,2
2002-04-24,36,25,10,26,41,138,3,2
2002-04-27,12,29,2,16,4,63,4,1
2002-04-27,12,44,24,37,20,137,4,1
2002-05-01,11,39,4,34,16,104,3,2
2002-05-01,12,38,17,16,18,101,4,1
2002-05-04,39,31,15,5,34,124,1,4
2002-05-04,22,13,38,7,46,126,3,2
2002-05-08,8,42,44,32,22,148,5,0
2002-05-08,35,10,31,23,6,105,2,3
2002-05-11,14,22,35,46,23,140,3,2
2002-05-11,23,38,44,48,47,200,3,2
2002-05-15,47,36,45,22,39,189,2,3
2002-05-15,32,18,39,22,30,141,4,1
2002-05-18,25,34,1,46,6,112,3,2
2002-05-18,11,48,30,13,31,133,2,3
2002-05-22,39,31,9,36,22,137,2,3
2002-05-22,34,19,42,49,46,190,3,2
2002-05-25,38,31,5,4,20,98,3,2
2002-05-25,6,8,32,27,29,102,3,2
2002-05-29,5,10,8,9,11,43,2,3
2002-05-29,21,5,39,32,38,135,2,3
2002-06-01,46,5,40,1,47,139,2,3
2002-06-01,38,1,28,8,19,94,3,2
2002-06-05,34,12,20,8,13,87,4,1
2002-06-05,32,12,8,34,28,114,5,0
2002-06-08,35,13,26,11,5,90,1,4
2002-06-08,34,42,49,1,19,145,2,3
2002-06-12,35,21,37,27,43,163,0,5
2002-06-12,29,36,1,2,35,103,2,3
2002-06-15,40,42,45,33,28,188,3,2
2002-06-15,21,30,34,2,42,129,4,1
2002-06-19,14,36,13,27,17,107,2,3
2002-06-19,32,34,2,7,29,104,3,2
2002-06-22,25,2,10,26,23,86,3,2
2002-06-22,37,13,7,31,35,123,0,5
2002-06-26,38,25,12,20,43,138,3,2
2002-06-26,3,9,37,19,10,78,1,4
2002-06-29,25,2,44,12,13,96,3,2
2002-06-29,34,38,39,45,9,165,2,3
2002-07-03,40,22,32,13,19,126,3,2
2002-07-03,33,31,19,9,1,93,0,5
2002-07-06,10,29,22,2,35,98,3,2
2002-07-06,15,9,17,34,27,102,1,4
2002-07-10,2,34,16,40,8,100,5,0
2002-07-10,7,38,8,11,26,90,3,2
2002-07-13,13,46,29,43,45,176,1,4
2002-07-13,25,4,41,2,22,94,3,2
2002-07-17,12,7,23,25,32,99,2,3
2002-07-17,7,3,28,22,44,104,3,2
2002-07-20,9,13,47,38,16,123,2,3
2002-07-20,12,48,20,25,10,115,4,1
2002-07-24,19,33,6,18,16,92,3,2
2002-07-24,24,7,49,19,21,120,1,4
2002-07-27,42,45,47,9,18,161,2,3
2002-07-27,29,33,19,46,44,171,2,3
2002-07-31,38,45,31,42,21,177,2,3
2002-07-31,17,6,39,11,16,89,2,3
2002-08-03,21,18,40,31,45,155,2,3
2002-08-03,45,1,25,30,48,149,2,3
2002-08-07,43,32,29,7,19,130,1,4
2002-08-07,7,22,20,13,49,111,2,3
2002-08-10,13,34,11,49,45,152,1,4
2002-08-10,6,47,30,10,41,134,3,2
2002-08-14,7,47,48,26,9,137,2,3
2002-08-14,6,24,35,11,13,89,2,3
2002-08-17,15,26,28,32,30,131,4,1
2002-08-17,42,35,30,2,36,145,4,1
2002-08-21,23,24,39,47,9,142,1,4
2002-08-21,19,46,1,8,29,103,2,3
2002-08-24,1,8,28,34,45,116,3,2
2002-08-24,46,2,26,37,16,127,4,1
2002-08-28,34,27,30,11,5,107,2,3
2002-08-28,8,14,2,1,12,37,4,1
2002-08-31,45,12,14,32,46,149,4,1
2002-08-31,21,28,45,16,34,144,3,2
2002-09-04,26,8,36,40,5,115,4,1
2002-09-04,7,22,45,16,13,103,2,3
2002-09-07,11,20,44,43,22,140,3,2
2002-09-07,4,36,28,20,42,130,5,0
2002-09-11,38,7,47,43,41,176,1,4
2002-09-11,45,37,32,29,15,158,1,4
2002-09-14,4,19,12,23,37,95,2,3
2002-09-14,3,2,33,49,32,119,2,3
2002-09-18,14,22,49,15,12,112,3,2
2002-09-18,21,42,38,17,7,125,2,3
2002-09-21,48,21,25,1,15,110,1,4
2002-09-21,9,15,45,37,17,123,0,5
2002-09-25,36,5,26,20,4,91,4,1
2002-09-25,10,5,19,6,24,64,3,2
2002-09-28,49,19,20,31,9,128,1,4
2002-09-28,6,49,36,13,8,112,3,2
2002-10-02,16,39,21,41,24,141,2,3
2002-10-02,34,31,49,27,24,165,2,3
2002-10-05,48,19,41,34,14,156,3,2
2002-10-05,29,42,36,12,47,166,3,2
2002-10-09,39,38,33,8,42,160,3,2
2002-10-09,38,16,8,29,24,115,4,1
2002-10-12,29,15,20,23,39,126,1,4
2002-10-12,43,42,47,15,31,178,1,4
2002-10-16,33,39,36,14,44,166,3,2
2002-10-16,9,39,43,4,21,116,1,4
2002-10-19,8,3,17,7,18,53,2,3
2002-10-19,48,21,49,3,14,135,2,3
2002-10-23,17,20,36,6,42,121,4,1
2002-10-23,22,4,13,5,20,64,3,2
2002-10-26,47,24,9,19,36,135,2,3
2002-10-26,31,46,20,16,7,120,3,2
2002-10-30,6,42,20,27,1,96,3,2
2002-10-30,28,47,22,11,26,134,3,2
2002-11-02,15,24,44,16,45,144,3,2
2002-11-02,39,49,29,9,12,138,1,4
2002-11-06,46,45,44,3,10,148,3,2
2002-11-06,30,28,29,31,10,128,3,2
2002-11-09,16,14,7,25,21,83,2,3
2002-11-09,28,26,4,14,49,121,4,1
2002-11-13,40,33,12,27,5,117,2,3
2002-11-13,30,44,12,29,33,148,3,2
2002-11-16,26,27,20,8,18,99,4,1
2002-11-16,49,43,9,28,6,135,2,3
2002-11-20,16,41,40,22,13,132,3,2
2002-11-20,20,13,22,19,37,111,2,3
2002-11-23,14,11,43,40,32,140,3,2
2002-11-23,14,18,46,35,33,146,3,2
2002-11-27,5,22,38,1,29,95,2,3
2002-11-27,42,24,9,20,17,112,3,2
2002-11-30,7,30,28,41,15,121,2,3
2002-11-30,45,40,7,2,17,111,2,3
2002-12-04,25,20,12,26,14,97,4,1
2002-12-04,32,14,23,22,2,93,4,1
2002-12-07,25,19,18,24,48,134,3,2
2002-12-07,22,16,1,2,8,49,4,1
2002-12-11,20,31,30,9,4,94,3,2
2002-12-11,4,18,11,46,24,103,4,1
2002-12-14,24,15,11,28,6,84,3,2
2002-12-14,11,23,43,31,26,134,1,4
2002-12-18,24,49,6,9,38,126,3,2
2002-12-18,40,1,49,37,43,170,1,4
2002-12-21,15,23,21,1,13,73,0,5
2002-12-21,32,20,9,12,46,119,4,1
2002-12-25,42,37,19,15,28,141,2,3
2002-12-25,13,48,45,2,40,148,3,2
2002-12-28,13,29,1,31,37,111,0,5
2002-12-28,45,12,17,46,16,136,3,2
2003-01-01,5,18,43,17,10,93,2,3
2003-01-01,42,20,9,23,17,111,2,3
2003-01-04,26,46,47,39,40,198,3,2
2003-01-04,17,37,18,42,36,150,3,2
2003-01-08,11,32,16,42,49,150,3,2
2003-01-08,34,12,24,33,28,131,4,1
2003-01-11,22,13,39,35,6,115,2,3
2003-01-11,43,6,35,27,48,159,2,3
2003-01-15,10,36,37,3,15,101,2,3
2003-01-15,16,12,1,5,28,62,3,2
2003-01-18,49,14,29,4,15,111,2,3
2003-01-18,49,37,20,44,5,155,2,3
2003-01-22,45,26,29,49,1,150,1,4
2003-01-22,28,15,27,26,46,142,3,2
2003-01-25,38,8,42,47,1,136,3,2
2003-01-25,20,25,46,34,17,142,3,2
2003-01-29,19,32,40,30,35,156,3,2
2003-01-29,37,48,34,40,3,162,3,2
2003-02-01,15,46,42,34,8,145,4,1
2003-02-01,43,17,45,14,38,157,2,3
2003-02-05,26,30,27,35,47,165,2,3
2003-02-05,38,20,10,19,49,136,3,2
2003-02-08,45,39,34,28,48,194,3,2
2003-02-08,31,36,12,26,18,123,4,1
2003-02-12,1,2,39,24,20,86,3,2
2003-02-12,41,12,31,28,16,128,3,2
2003-02-15,12,48,22,18,19,119,4,1
2003-02-15,49,26,31,28,11,145,2,3
2003-02-19,1,35,32,8,33,109,2,3
2003-02-19,16,40,31,20,35,142,3,2
2003-02-22,27,18,11,6,2,64,3,2
2003-02-22,27,36,9,46,44,162,3,2
2003-02-26,42,6,19,34,16,117,4,1
2003-02-26,23,40,13,7,22,105,2,3
2003-03-01,11,47,13,40,45,156,1,4
2003-03-01,1,8,44,39,33,125,2,3
2003-03-05,21,12,17,37,27,114,1,4
2003-03-05,33,27,9,21,49,139,0,5
2003-03-08,9,14,11,17,30,81,2,3
2003-03-08,6,44,49,46,30,175,4,1
2003-03-12,35,21,42,36,3,137,2,3
2003-03-12,11,26,32,4,47,120,3,2
2003-03-15,46,6,14,4,31,101,4,1
2003-03-15,26,16,21,49,46,158,3,2
2003-03-19,48,23,34,2,21,128,3,2
2003-03-19,40,49,36,44,2,171,4,1
2003-03-22,7,8,34,41,19,109,2,3
2003-03-22,42,33,9,37,27,148,1,4
2003-03-26,15,10,5,29,48,107,2,3
2003-03-26,29,2,23,22,42,118,3,2
2003-03-29,45,27,32,48,33,185,2,3
2003-03-29,39,36,18,14,37,144,3,2
2003-04-02,27,24,19,41,5,116,1,4
2003-04-02,37,13,47,26,44,167,2,3
2003-04-05,18,37,25,47,17,144,1,4
2003-04-05,9,32,4,6,12,63,4,1
2003-04-09,41,15,37,24,46,163,2,3
2003-04-09,24,48,45,7,13,137,2,3
2003-04-12,34,17,13,41,40,145,2,3
2003-04-12,13,35,6,42,37,133,2,3
2003-04-16,42,15,49,6,4,116,3,2
2003-04-16,44,2,12,14,16,88,5,0
2003-04-19,1,9,23,5,31,69,0,5
2003-04-19,21,4,41,26,49,141,2,3
2003-04-23,40,30,34,29,26,159,4,1
2003-04-23,45,5,24,35,42,151,2,3
2003-04-26,38,24,48,14,13,137,4,1
2003-04-26,44,45,49,29,20,187,2,3
2003-04-30,9,5,47,6,16,83,2,3
2003-04-30,38,1,6,4,49,98,3,2
2003-05-03,15,25,3,7,40,90,1,4
2003-05-03,6,10,20,17,30,83,4,1
2003-05-07,40,49,34,9,23,155,2,3
2003-05-07,36,7,17,43,47,150,1,4
2003-05-10,44,30,1,12,10,97,4,1
2003-05-10,44,29,34,37,40,184,3,2
2003-05-14,41,47,10,2,48,148,3,2
2003-05-14,46,9,44,14,24,137,4,1
2003-05-17,42,27,39,47,11,166,1,4
2003-05-17,28,37,42,17,46,170,3,2
2003-05-21,24,8,45,17,27,121,2,3
2003-05-21,31,4,6,46,32,119,4,1
2003-05-24,37,23,42,47,10,159,2,3
2003-05-24,20,22,41,6,13,102,3,2
2003-05-28,4,15,19,35,3,76,1,4
2003-05-28,38,43,32,49,2,164,3,2
2003-05-31,17,39,22,41,9,128,1,4
2003-05-31,27,9,30,24,12,102,3,2
2003-06-04,3,30,18,34,38,123,4,1
2003-06-04,34,30,45,43,24,176,3,2
2003-06-07,23,16,12,6,37,94,3,2
2003-06-07,13,25,12,40,22,112,3,2
2003-06-11,38,18,28,14,10,108,5,0
2003-06-11,20,9,16,19,22,86,3,2
2003-06-14,2,46,28,49,35,160,3,2
2003-06-14,48,44,3,18,4,117,4,1
2003-06-18,15,46,28,33,23,145,2,3
2003-06-18,27,29,19,42,32,149,2,3
2003-06-21,46,26,36,31,29,168,3,2
2003-06-21,14,26,47,15,33,135,2,3
2003-06-25,48,34,45,42,7,176,3,2
2003-06-25,25,27,33,13,42,140,1,4
2003-06-28,7,24,12,25,15,83,2,3
2003-06-28,47,46,34,11,12,150,3,2
2003-07-02,34,10,36,35,18,133,4,1
2003-07-02,41,39,40,11,22,153,2,3
2003-07-05,21,8,47,13,16,105,2,3
2003-07-05,31,48,35,43,49,206,1,4
2003-07-09,18,4,30,17,21,90,3,2
2003-07-09,6,36,5,13,41,101,2,3
2003-07-12,10,20,1,24,23,78,3,2
2003-07-12,18,35,46,44,36,179,4,1
2003-07-16,10,3,26,23,27,89,2,3
2003-07-16,21,13,22,34,5,95,2,3
2003-07-19,37,35,39,44,10,165,2,3
2003-07-19,8,13,4,10,20,55,4,1
2003-07-23,33,11,41,15,14,114,1,4
2003-07-23,6,46,5,38,9,104,3,2
2003-07-26,35,33,38,25,47,178,1,4
2003-07-26,41,5,35,42,16,139,2,3
2003-07-30,10,15,20,1,7,53,2,3
2003-07-30,18,1,14,42,4,79,4,1
2003-08-02,12,24,38,18,2,94,5,0
2003-08-02,3,20,9,19,17,68,1,4
2003-08-06,3,26,35,34,1,99,2,3
2003-08-06,31,16,28,36,29,140,3,2
2003-08-09,8,40,10,34,24,116,5,0
2003-08-09,39,3,19,30,21,112,1,4
2003-08-13,32,23,7,29,10,101,2,3
2003-08-13,12,37,45,28,1,123,2,3
2003-08-16,5,46,37,27,33,148,1,4
2003-08-16,7,38,10,20,11,86,3,2
2003-08-20,38,1,34,5,10,88,3,2
2003-08-20,34,8,4,44,23,113,4,1
2003-08-23,49,12,17,10,26,114,3,2
2003-08-23,32,11,43,25,9,120,1,4
2003-08-27,10,31,7,38,28,114,3,2
2003-08-27,3,42,33,31,26,135,2,3
2003-08-30,39,24,44,17,11,135,2,3
2003-08-30,25,2,32,18,11,88,3,2
2003-09-03,23,24,26,41,40,154,3,2
2003-09-03,15,42,13,17,16,103,2,3
2003-09-06,37,44,27,9,10,127,2,3
2003-09-06,2,1,20,49,47,119,2,3
2003-09-10,44,49,27,13,23,156,1,4
2003-09-10,37,31,15,24,44,151,2,3
2003-09-13,22,11,42,19,43,137,2,3
2003-09-13,38,41,26,33,43,181,2,3
2003-09-17,8,48,3,29,23,111,2,3
2003-09-17,15,13,7,20,21,76,1,4
2003-09-20,5,46,26,33,35,145,2,3
2003-09-20,25,1,48,20,12,106,3,2
2003-09-24,10,33,18,19,13,93,2,3
2003-09-24,11,36,33,6,17,103,2,3
2003-09-27,33,34,5,25,6,103,2,3
2003-09-27,12,40,8,29,49,138,3,2
2003-10-01,40,5,17,43,29,134,1,4
2003-10-01,49,23,1,7,17,97,0,5
2003-10-04,7,48,40,44,45,184,3,2
2003-10-04,31,32,10,38,6,117,4,1
2003-10-08,18,42,23,7,14,104,3,2
2003-10-08,6,34,2,12,4,58,5,0
2003-10-11,38,17,35,10,48,148,3,2
2003-10-11,32,27,14,2,25,100,3,2
2003-10-15,12,2,31,17,48,110,3,2
2003-10-15,18,7,44,49,25,143,2,3
2003-10-18,8,39,41,27,33,148,1,4
2003-10-18,6,13,40,30,11,100,3,2
2003-10-22,6,43,27,15,22,113,2,3
2003-10-22,17,7,34,9,8,75,2,3
2003-10-25,28,11,43,4,3,89,2,3
2003-10-25,10,34,12,27,28,111,4,1
2003-10-29,7,17,34,19,27,104,1,4
2003-10-29,14,7,31,10,4,66,3,2
2003-11-01,7,9,40,36,24,116,3,2
2003-11-01,26,38,28,20,27,139,4,1
2003-11-05,48,49,17,27,28,169,2,3
2003-11-05,49,48,33,47,12,189,2,3
2003-11-08,19,33,48,28,49,177,2,3
2003-11-08,20,23,31,22,35,131,2,3
2003-11-12,31,40,29,21,30,151,2,3
2003-11-12,27,4,46,14,6,97,4,1
2003-11-15,8,48,6,14,13,89,4,1
2003-11-15,27,17,10,18,32,104,3,2
2003-11-19,41,24,34,6,8,113,4,1
2003-11-19,38,33,5,16,28,120,3,2
2003-11-22,15,40,26,32,29,142,3,2
2003-11-22,13,9,20,28,10,80,3,2
2003-11-26,26,39,13,7,28,113,2,3
2003-11-26,8,47,22,14,33,124,3,2
2003-11-29,39,21,43,25,40,168,1,4
2003-11-29,34,15,47,3,46,145,2,3
2003-12-03,30,16,19,39,34,138,3,2
2003-12-03,33,32,37,9,1,112,1,4
2003-12-06,46,9,10,31,32,128,3,2
2003-12-06,40,16,20,6,30,112,5,0
2003-12-10,2,19,5,32,11,69,2,3
2003-12-10,17,25,5,41,48,136,1,4
2003-12-13,23,12,22,46,16,119,4,1
2003-12-13,29,28,26,38,47,168,3,2
2003-12-17,49,39,23,22,9,142,1,4
2003-12-17,32,18,4,19,31,104,3,2
2003-12-20,48,19,21,40,49,177,2,3
2003-12-20,26,48,14,39,28,155,4,1
2003-12-24,30,27,38,19,13,127,2,3
2003-12-24,35,19,40,37,34,165,2,3
2003-12-27,43,9,36,2,22,112,3,2
2003-12-27,17,11,33,32,37,130,1,4
2003-12-31,5,34,16,47,30,132,3,2
2003-12-31,26,11,24,32,46,139,4,1
2004-01-03,13,17,3,49,43,125,0,5
2004-01-03,16,38,3,43,18,118,3,2
2004-01-07,42,21,8,20,45,136,3,2
2004-01-07,28,3,13,4,47,95,2,3
2004-01-10,38,12,26,32,6,114,5,0
2004-01-10,23,32,18,21,15,109,2,3
2004-01-14,18,6,40,48,12,124,5,0
2004-01-14,33,38,11,14,32,128,3,2
2004-01-17,29,44,32,36,31,172,3,2
2004-01-17,43,45,20,29,15,152,1,4
2004-01-21,28,21,19,25,15,108,1,4
2004-01-21,8,19,28,21,36,112,3,2
2004-01-24,12,18,46,8,28,112,5,0
2004-01-24,5,8,2,42,40,97,4,1
2004-01-28,39,47,16,27,44,173,2,3
2004-01-28,21,43,4,3,31,102,1,4
2004-01-31,12,43,20,10,26,111,4,1
2004-01-31,33,25,20,39,13,130,1,4
2004-02-04,45,13,8,33,7,106,1,4
2004-02-04,13,40,17,32,21,123,2,3
2004-02-07,34,1,29,40,22,126,3,2
2004-02-07,8,2,27,48,15,100,3,2
2004-02-11,47,32,48,36,44,207,4,1
2004-02-11,23,47,10,45,24,149,2,3
2004-02-14,44,9,5,2,10,70,3,2
2004-02-14,11,30,12,32,44,129,4,1
2004-02-18,35,49,17,1,37,139,0,5
2004-02-18,12,5,35,43,23,118,1,4
2004-02-21,25,44,7,9,37,122,1,4
2004-02-21,20,3,18,24,28,93,4,1
2004-02-25,21,14,37,18,43,133,2,3
2004-02-25,28,13,18,19,41,119,2,3
2004-02-28,7,32,43,38,21,141,2,3
2004-02-28,23,18,47,39,33,160,1,4
2004-03-03,34,36,44,10,18,142,5,0
2004-03-03,33,27,44,45,47,196,1,4
2004-03-06,38,8,35,46,18,145,4,1
2004-03-06,16,44,24,39,25,148,3,2
2004-03-10,19,21,37,36,3,116,1,4
2004-03-10,8,22,6,26,42,104,5,0
2004-03-13,49,38,14,29,5,135,2,3
2004-03-13,46,26,30,34,37,173,4,1
2004-03-17,28,3,49,19,48,147,2,3
2004-03-17,30,37,31,6,38,142,3,2
2004-03-20,5,25,15,44,38,127,2,3
2004-03-20,37,20,38,36,30,161,4,1
2004-03-24,27,33,43,12,5,120,1,4
2004-03-24,3,44,14,38,34,133,4,1
2004-03-27,4,28,30,42,43,147,4,1
2004-03-27,12,44,2,37,45,140,3,2
2004-03-31,7,26,29,48,16,126,3,2
2004-03-31,40,13,19,45,46,163,2,3
2004-04-03,26,13,22,21,36,118,3,2
2004-04-03,15,31,33,5,14,98,1,4
2004-04-07,36,29,21,2,24,112,3,2
2004-04-07,11,32,25,33,1,102,1,4
2004-04-10,14,30,48,31,13,136,3,2
2004-04-10,38,20,27,48,29,162,3,2
2004-04-14,21,34,29,38,13,135,2,3
2004-04-14,38,43,4,44,35,164,3,2
2004-04-17,43,5,20,47,34,149,2,3
2004-04-17,32,3,43,20,21,119,2,3
2004-04-21,4,36,42,28,41,151,4,1
2004-04-21,25,6,39,45,15,130,1,4
2004-04-24,9,24,16,43,30,122,3,2
2004-04-24,47,44,24,29,45,189,2,3
2004-04-28,1,45,36,21,48,151,2,3
2004-04-28,31,14,43,25,6,119,2,3
2004-05-01,40,25,46,30,39,180,3,2
2004-05-01,17,18,11,16,48,110,3,2
2004-05-05,3,47,43,23,14,130,1,4
2004-05-05,34,32,15,22,31,134,3,2
2004-05-08,18,12,23,36,44,133,4,1
2004-05-08,13,16,31,25,4,89,2,3
2004-05-12,26,16,24,31,38,135,4,1
2004-05-12,5,27,30,45,44,151,2,3
2004-05-15,17,30,27,14,16,104,3,2
2004-05-15,21,29,25,20,39,134,1,4
2004-05-19,48,35,42,14,36,175,4,1
2004-05-19,47,2,43,12,22,126,3,2
2004-05-22,26,39,7,19,8,99,2,3
2004-05-22,9,23,20,11,27,90,1,4
2004-05-26,38,14,2,34,22,110,5,0
2004-05-26,36,13,8,15,34,106,3,2
2004-05-29,23,9,44,17,5,98,1,4
2004-05-29,10,20,43,26,46,145,4,1
2004-06-02,7,47,14,45,8,121,2,3
2004-06-02,41,34,8,7,42,132,3,2
2004-06-05,46,41,38,47,43,215,2,3
2004-06-05,43,24,20,35,38,160,3,2
2004-06-09,3,21,35,41,43,143,0,5
2004-06-09,31,18,23,32,9,113,2,3
2004-06-12,21,39,19,10,17,106,1,4
2004-06-12,4,6,43,46,45,144,3,2
2004-06-16,43,31,6,15,11,106,1,4
2004-06-16,16,41,21,34,13,125,2,3
2004-06-19,20,21,40,28,19,128,3,2
2004-06-19,41,27,44,46,12,170,3,2
2004-06-23,5,40,2,3,7,57,2,3
2004-06-23,13,9,10,4,15,51,2,3
2004-06-26,37,38,33,7,27,142,1,4
2004-06-26,1,46,22,9,39,117,2,3
2004-06-30,1,16,38,42,29,126,3,2
2004-06-30,4,44,47,22,20,137,4,1
2004-07-03,2,45,44,9,15,115,2,3
2004-07-03,33,43,30,45,12,163,2,3
2004-07-07,29,38,10,12,45,134,3,2
2004-07-07,46,8,6,32,36,128,5,0
2004-07-10,44,33,15,5,27,124,1,4
2004-07-10,29,6,33,36,12,116,3,2
2004-07-14,10,29,32,25,26,122,3,2
2004-07-14,14,34,5,12,29,94,3,2
2004-07-17,32,11,47,35,36,161,2,3
2004-07-17,26,11,18,13,31,99,2,3
2004-07-21,17,46,19,40,35,157,2,3
2004-07-21,34,19,29,36,45,163,2,3
2004-07-24,34,1,11,4,10,60,3,2
2004-07-24,22,31,6,1,20,80,3,2
2004-07-28,32,9,22,14,24,101,4,1
2004-07-28,35,23,45,40,2,145,2,3
2004-07-31,38,42,2,12,37,131,4,1
2004-07-31,19,3,37,47,34,140,1,4
2004-08-04,42,35,1,7,49,134,1,4
2004-08-04,26,22,43,1,49,141,2,3
2004-08-07,21,22,43,37,19,142,1,4
2004-08-07,30,43,39,26,24,162,3,2
2004-08-11,19,35,29,16,25,124,1,4
2004-08-11,35,6,5,10,30,86,3,2
2004-08-14,30,31,36,2,9,108,3,2
2004-08-14,8,49,45,10,25,137,2,3
2004-08-18,30,22,6,34,40,132,5,0
2004-08-18,31,41,46,35,25,178,1,4
2004-08-21,39,23,24,29,45,160,1,4
2004-08-21,13,31,14,39,16,113,2,3
2004-08-25,30,15,25,46,35,151,2,3
2004-08-25,37,25,16,3,14,95,2,3
2004-08-28,2,3,1,39,41,86,1,4
2004-08-28,20,23,4,14,25,86,3,2
2004-09-01,20,32,28,4,3,87,4,1
2004-09-01,34,36,47,14,9,140,3,2
2004-09-04,37,3,24,38,19,121,2,3
2004-09-04,22,48,14,7,9,100,3,2
2004-09-08,15,22,41,10,11,99,2,3
2004-09-08,39,15,47,38,37,176,1,4
2004-09-11,26,13,27,18,10,94,3,2
2004-09-11,36,37,34,47,5,159,2,3
2004-09-15,46,48,1,41,49,185,2,3
2004-09-15,28,6,38,31,17,120,3,2
2004-09-18,46,11,40,10,42,149,4,1
2004-09-18,26,1,25,9,3,64,1,4
2004-09-22,37,11,21,10,35,114,1,4
2004-09-22,5,25,20,27,26,103,2,3
2004-09-25,37,20,39,36,28,160,3,2
2004-09-25,41,49,19,15,8,132,1,4
2004-09-29,47,27,19,40,44,177,2,3
2004-09-29,24,1,17,39,26,107,2,3
2004-10-02,11,6,10,47,22,96,3,2
2004-10-02,1,42,47,29,18,137,2,3
2004-10-06,19,1,10,48,18,96,3,2
2004-10-06,34,43,6,37,26,146,3,2
2004-10-09,14,26,28,4,9,81,4,1
2004-10-09,22,26,5,7,11,71,2,3
2004-10-13,35,2,33,48,30,148,3,2
2004-10-13,29,10,46,18,14,117,4,1
2004-10-16,6,16,47,15,20,104,3,2
2004-10-16,21,34,2,44,13,114,3,2
2004-10-20,1,12,7,35,23,78,1,4
2004-10-20,29,6,5,38,14,92,3,2
2004-10-23,36,26,47,48,3,160,3,2
2004-10-23,6,37,34,45,14,136,3,2
2004-10-27,26,6,35,2,1,70,3,2
2004-10-27,45,23,2,38,27,135,2,3
2004-10-30,45,25,48,49,4,171,2,3
2004-10-30,9,19,8,30,14,80,3,2
2004-11-03,25,30,31,44,41,171,2,3
2004-11-03,5,44,34,42,15,140,3,2
2004-11-06,14,47,26,4,39,130,3,2
2004-11-06,38,4,16,7,21,86,3,2
2004-11-10,14,28,30,46,40,158,5,0
2004-11-10,14,12,30,17,48,121,4,1
2004-11-13,8,48,6,9,47,118,3,2
2004-11-13,40,28,48,45,1,162,3,2
2004-11-17,43,4,25,24,26,122,3,2
2004-11-17,7,41,27,8,15,98,1,4
2004-11-20,45,47,2,24,35,153,2,3
2004-11-20,9,27,3,30,47,116,1,4
2004-11-24,20,11,7,9,40,87,2,3
2004-11-24,2,44,35,49,4,134,3,2
2004-11-27,34,33,26,15,24,132,3,2
2004-11-27,35,5,38,25,6,109,2,3
2004-12-01,2,21,45,29,43,140,1,4
2004-12-01,32,35,29,27,21,144,1,4
2004-12-04,17,42,19,23,43,144,1,4
2004-12-04,25,45,13,7,10,100,1,4
2004-12-08,17,21,12,49,38,137,2,3
2004-12-08,41,15,20,43,48,167,2,3
2004-12-11,47,32,15,21,33,148,1,4
2004-12-11,35,26,7,38,39,145,2,3
2004-12-15,4,13,9,30,19,75,2,3
2004-12-15,15,1,29,34,38,117,2,3
2004-12-18,25,40,39,44,33,181,2,3
2004-12-18,44,27,24,10,45,150,3,2
2004-12-22,15,30,45,46,18,154,3,2
2004-12-22,16,22,33,8,2,81,4,1
2004-12-25,8,41,20,38,24,131,4,1
2004-12-25,42,32,20,10,41,145,4,1
2004-12-29,37,40,22,9,42,150,3,2
2004-12-29,33,32,25,11,43,144,1,4
2005-01-01,3,6,31,39,44,123,2,3
2005-01-01,46,32,34,31,30,173,4,1
2005-01-05,46,18,25,13,45,147,2,3
2005-01-05,49,33,36,43,25,186,1,4
2005-01-08,37,23,35,40,48,183,2,3
2005-01-08,9,13,14,28,7,71,2,3
2005-01-12,2,47,39,27,37,152,1,4
2005-01-12,27,39,1,35,14,116,1,4
2005-01-15,28,46,42,39,31,186,3,2
2005-01-15,16,11,19,6,4,56,3,2
2005-01-19,39,7,41,26,16,129,2,3
2005-01-19,35,25,1,11,41,113,0,5
2005-01-22,36,35,15,24,19,129,2,3
2005-01-22,26,18,23,40,31,138,3,2
2005-01-26,4,16,11,33,41,105,2,3
2005-01-26,19,8,36,24,28,115,4,1
2005-01-29,4,43,40,29,38,154,3,2
2005-01-29,33,21,19,13,1,87,0,5
2005-02-02,41,34,18,48,6,147,4,1
2005-02-02,4,35,45,13,15,112,1,4
2005-02-05,35,41,23,5,22,126,1,4
2005-02-05,27,13,49,18,44,151,2,3
2005-02-09,38,46,33,8,1,126,3,2
2005-02-09,49,23,33,44,26,175,2,3
2005-02-12,14,3,26,9,23,75,2,3
2005-02-12,4,31,20,36,7,98,3,2
2005-02-16,4,1,31,8,6,50,3,2
2005-02-16,24,48,8,38,30,148,5,0
2005-02-19,27,26,23,7,38,121,2,3
2005-02-19,19,12,47,1,11,90,1,4
2005-02-23,35,40,15,14,33,137,2,3
2005-02-23,23,36,28,16,22,125,4,1
2005-02-26,3,25,15,34,27,104,1,4
2005-02-26,47,29,48,1,27,152,1,4
2005-03-02,39,42,16,26,46,169,4,1
2005-03-02,4,34,8,21,30,97,4,1
2005-03-05,10,8,40,44,48,150,5,0
2005-03-05,24,25,9,47,43,148,1,4
2005-03-09,17,39,32,12,42,142,3,2
2005-03-09,34,31,45,42,33,185,2,3
2005-03-12,27,42,16,48,39,172,3,2
2005-03-12,26,25,11,16,6,84,3,2
2005-03-16,40,14,47,35,32,168,3,2
2005-03-16,8,12,17,26,5,68,3,2
2005-03-19,6,30,38,20,21,115,4,1
2005-03-19,37,28,11,8,5,89,2,3
2005-03-23,35,27,42,9,8,121,2,3
2005-03-23,34,40,49,38,45,206,3,2
2005-03-26,31,47,49,2,15,144,1,4
2005-03-26,45,41,40,32,9,167,2,3
2005-03-30,19,5,41,23,43,131,0,5
2005-03-30,24,35,22,31,10,122,3,2
2005-04-02,3,27,1,21,13,65,0,5
2005-04-02,31,2,21,18,42,114,3,2
2005-04-06,5,20,4,35,46,110,3,2
2005-04-06,47,45,40,36,25,193,2,3
2005-04-09,26,36,45,37,18,162,3,2
2005-04-09,9,14,27,2,36,88,3,2
2005-04-13,34,42,41,38,40,195,4,1
2005-04-13,13,6,19,20,3,61,2,3
2005-04-16,27,37,17,46,45,172,1,4
2005-04-16,47,3,16,15,36,117,2,3
2005-04-20,25,45,15,37,18,140,1,4
2005-04-20,44,37,4,19,1,105,2,3
2005-04-23,24,15,11,27,14,91,2,3
2005-04-23,23,4,5,21,11,64,1,4
2005-04-27,3,38,36,5,23,105,2,3
2005-04-27,23,26,5,32,14,100,3,2
2005-04-30,36,32,9,22,39,138,3,2
2005-04-30,2,41,6,36,12,97,4,1
2005-05-04,45,9,46,27,36,163,2,3
2005-05-04,10,18,29,37,24,118,3,2
2005-05-07,32,7,3,16,29,87,2,3
2005-05-07,14,16,33,24,40,127,4,1
2005-05-11,16,38,41,11,7,113,2,3
2005-05-11,17,27,35,36,7,122,1,4
2005-05-14,11,13,41,7,25,97,0,5
2005-05-14,8,1,37,36,2,84,3,2
2005-05-18,44,47,3,41,13,148,1,4
2005-05-18,27,4,8,18,29,86,3,2
2005-05-21,5,41,12,29,2,89,2,3
2005-05-21,11,37,16,34,13,111,2,3
2005-05-25,8,6,14,12,22,62,5,0
2005-05-25,15,5,22,3,8,53,2,3
2005-05-28,11,39,1,14,36,101,2,3
2005-05-28,19,17,10,16,46,108,3,2
2005-06-01,16,23,48,38,41,166,3,2
2005-06-01,15,34,30,39,8,126,3,2
2005-06-04,3,32,4,17,37,93,2,3
2005-06-04,10,19,23,14,48,114,3,2
2005-06-08,10,22,35,41,39,147,2,3
2005-06-08,41,26,6,5,13,91,2,3
2005-06-11,48,27,10,17,41,143,2,3
2005-06-11,30,33,35,34,43,175,2,3
2005-06-15,42,45,17,33,23,160,1,4
2005-06-15,2,22,37,36,9,106,3,2
2005-06-18,41,11,38,19,1,110,1,4
2005-06-18,30,49,34,10,42,165,4,1
2005-06-22,28,46,48,14,9,145,4,1
2005-06-22,43,11,40,17,29,140,1,4
2005-06-25,20,8,29,12,7,76,3,2
2005-06-25,15,21,29,16,3,84,1,4
2005-06-29,24,39,31,14,16,124,3,2
2005-06-29,24,37,43,9,14,127,2,3
2005-07-02,41,34,46,17,22,160,3,2
2005-07-02,12,20,17,33,23,105,2,3
2005-07-06,47,44,40,1,25,157,2,3
2005-07-06,13,46,17,29,49,154,1,4
2005-07-09,34,9,5,4,18,70,3,2
2005-07-09,37,30,5,2,24,98,3,2
2005-07-13,22,29,30,49,20,150,3,2
2005-07-13,40,44,49,7,32,172,3,2
2005-07-16,39,27,43,29,35,173,0,5
2005-07-16,7,12,31,26,1,77,2,3
2005-07-20,14,10,48,38,7,117,4,1
2005-07-20,38,2,13,39,40,132,3,2
2005-07-23,8,45,44,21,25,143,2,3
2005-07-23,13,27,5,32,29,106,1,4
2005-07-27,29,45,5,28,6,113,2,3
2005-07-27,4,28,26,23,16,97,4,1
2005-07-30,33,24,32,31,7,127,2,3
2005-07-30,9,18,11,19,47,104,1,4
2005-08-03,9,20,49,4,32,114,3,2
2005-08-03,6,42,2,20,29,99,4,1
2005-08-06,19,1,47,32,24,123,2,3
2005-08-06,4,13,12,49,42,120,3,2
2005-08-10,18,44,5,25,28,120,3,2
2005-08-10,29,17,3,20,16,85,2,3
2005-08-13,16,19,12,8,21,76,3,2
2005-08-13,28,4,1,13,30,76,3,2
2005-08-17,24,42,28,35,9,138,3,2
2005-08-17,28,39,35,12,13,127,2,3
2005-08-20,7,20,35,47,5,114,1,4
2005-08-20,24,4,22,16,2,68,5,0
2005-08-24,31,10,41,35,38,155,2,3
2005-08-24,23,29,43,11,49,155,0,5
2005-08-27,14,7,28,8,19,76,3,2
2005-08-27,30,33,15,29,44,151,2,3
2005-08-31,11,29,18,48,10,116,3,2
2005-08-31,47,15,40,43,33,178,1,4
2005-09-03,19,9,29,36,43,136,1,4
2005-09-03,1,22,24,25,12,84,3,2
2005-09-07,12,20,37,29,33,131,2,3
2005-09-07,8,12,46,18,44,128,5,0
2005-09-10,4,2,8,11,5,30,3,2
2005-09-10,11,3,26,35,42,117,2,3
2005-09-14,39,46,16,5,1,107,2,3
2005-09-14,17,49,5,1,31,103,0,5
2005-09-17,16,20,10,45,26,117,4,1
2005-09-17,29,20,6,21,11,87,2,3
2005-09-21,9,26,14,31,46,126,3,2
2005-09-21,1,23,13,16,5,58,1,4
2005-09-24,15,17,24,4,25,85,2,3
2005-09-24,21,41,4,10,42,118,3,2
2005-09-28,33,42,36,18,16,145,4,1
2005-09-28,3,27,5,8,10,53,2,3
2005-10-01,20,24,47,22,25,138,3,2
2005-10-01,2,37,39,23,40,141,2,3
2005-10-05,20,3,29,18,5,75,2,3
2005-10-05,39,1,25,19,6,90,1,4
2005-10-08,48,30,34,13,45,170,3,2
2005-10-08,37,21,29,40,11,138,1,4
2005-10-12,20,18,8,27,16,89,4,1
2005-10-12,1,6,27,26,34,94,3,2
2005-10-15,16,45,2,31,38,132,3,2
2005-10-15,25,20,23,21,39,128,1,4
2005-10-19,37,38,24,20,32,151,4,1
2005-10-19,34,22,25,45,18,144,3,2
2005-10-22,4,34,20,38,11,107,4,1
2005-10-22,44,15,27,7,28,121,2,3
2005-10-26,37,38,29,33,9,146,1,4
2005-10-26,32,49,21,14,1,117,2,3
2005-10-29,31,13,23,24,8,99,2,3
2005-10-29,33,9,43,8,4,97,2,3
2005-11-02,43,38,17,19,14,131,2,3
2005-11-02,43,20,40,16,26,145,4,1
2005-11-05,20,43,21,7,13,104,1,4
2005-11-05,4,42,25,17,26,114,3,2
2005-11-09,45,49,43,4,39,180,1,4
2005-11-09,2,5,42,49,3,101,2,3
2005-11-12,47,3,14,21,6,91,2,3
2005-11-12,1,13,45,29,20,108,1,4
2005-11-16,4,1,16,36,19,76,3,2
2005-11-16,13,31,23,42,26,135,2,3
2005-11-19,34,9,4,6,24,77,4,1
2005-11-19,25,11,12,44,13,105,2,3
2005-11-23,19,34,16,37,41,147,2,3
2005-11-23,47,20,8,28,21,124,3,2
2005-11-26,8,3,49,48,29,137,2,3
2005-11-26,48,5,39,21,35,148,1,4
2005-11-30,41,11,49,48,10,159,2,3
2005-11-30,38,32,34,23,25,152,3,2
2005-12-03,32,46,30,43,44,195,4,1
2005-12-03,19,40,8,26,25,118,3,2
2005-12-07,11,37,28,16,46,138,3,2
2005-12-07,27,9,20,7,5,68,1,4
2005-12-10,3,7,2,28,37,77,2,3
2005-12-10,7,34,26,17,2,86,3,2
2005-12-14,10,14,23,22,42,111,4,1
2005-12-14,7,36,12,10,8,73,4,1
2005-12-17,13,29,23,2,8,75,2,3
2005-12-17,8,31,25,34,39,137,2,3
2005-12-21,22,29,34,28,48,161,4,1
2005-12-21,40,7,6,32,10,95,4,1
2005-12-24,14,40,25,13,49,141,2,3
2005-12-24,33,5,48,27,12,125,2,3
2005-12-28,13,22,3,21,11,70,1,4
2005-12-28,17,40,5,31,43,136,1,4
2005-12-31,42,37,33,24,36,172,3,2
2005-12-31,31,49,48,26,36,190,3,2
2006-01-04,49,5,36,16,14,120,3,2
2006-01-04,15,42,27,44,35,163,2,3
2006-01-07,33,27,8,30,7,105,2,3
2006-01-07,22,47,44,33,46,192,3,2
2006-01-11,7,2,26,24,32,91,4,1
2006-01-11,27,31,28,38,16,140,3,2
2006-01-14,40,24,39,12,36,151,4,1
2006-01-14,42,47,36,45,34,204,3,2
2006-01-18,45,37,32,9,40,163,2,3
2006-01-18,28,38,19,36,1,122,3,2
2006-01-21,38,47,44,48,3,180,3,2
2006-01-21,42,15,20,48,46,171,4,1
2006-01-25,36,24,16,10,23,109,4,1
2006-01-25,33,42,49,45,3,172,1,4
2006-01-28,4,33,40,5,10,92,3,2
2006-01-28,9,3,11,35,13,71,0,5
2006-02-01,11,29,44,14,21,119,2,3
2006-02-01,30,45,28,49,6,158,3,2
2006-02-04,47,44,30,23,2,146,3,2
2006-02-04,39,22,43,2,26,132,3,2
2006-02-08,2,36,16,17,24,95,4,1
2006-02-08,41,49,16,43,35,184,1,4
2006-02-11,35,27,43,3,30,138,1,4
2006-02-11,47,48,11,37,33,176,1,4
2006-02-15,1,44,18,30,39,132,3,2
2006-02-15,42,35,20,28,4,129,4,1
2006-02-18,39,5,15,3,34,96,1,4
2006-02-18,47,36,4,39,24,150,3,2
2006-02-22,34,36,46,39,10,165,4,1
2006-02-22,14,30,5,45,22,116,3,2
2006-02-25,22,41,25,33,38,159,2,3
2006-02-25,43,6,1,14,15,79,2,3
2006-03-01,45,32,34,26,31,168,3,2
2006-03-01,32,34,49,46,19,180,3,2
2006-03-04,4,18,1,14,23,60,3,2
2006-03-04,15,13,28,5,14,75,2,3
2006-03-08,3,31,15,9,34,92,1,4
2006-03-08,15,49,1,8,23,96,1,4
2006-03-11,13,6,43,18,27,107,2,3
2006-03-11,4,21,44,6,43,118,3,2
2006-03-15,21,40,48,15,18,142,3,2
2006-03-15,41,25,34,30,45,175,2,3
2006-03-18,8,19,27,47,31,132,1,4
2006-03-18,25,19,32,30,21,127,2,3
2006-03-22,18,4,47,35,9,113,2,3
2006-03-22,28,49,14,36,12,139,4,1
2006-03-25,26,17,32,33,44,152,3,2
2006-03-25,29,45,10,15,16,115,2,3
2006-03-29,43,45,12,29,46,175,2,3
2006-03-29,5,20,33,9,13,80,1,4
2006-04-01,28,21,24,40,30,143,4,1
2006-04-01,49,12,6,46,5,118,3,2
2006-04-05,8,15,48,40,30,141,4,1
2006-04-05,10,46,30,29,44,159,4,1
2006-04-08,3,41,29,13,44,130,1,4
2006-04-08,42,41,39,13,21,156,1,4
2006-04-12,20,31,6,4,39,100,3,2
2006-04-12,45,11,18,47,26,147,2,3
2006-04-15,48,27,13,18,31,137,2,3
2006-04-15,24,9,34,26,40,133,4,1
2006-04-19,11,20,28,9,35,103,2,3
2006-04-19,48,20,36,11,37,152,3,2
2006-04-22,23,5,17,30,28,103,2,3
2006-04-22,32,30,39,10,11,122,3,2
2006-04-26,30,29,23,45,11,138,1,4
2006-04-26,16,2,48,27,36,129,4,1
2006-04-29,42,35,43,21,18,159,2,3
2006-04-29,36,22,41,9,35,143,2,3
2006-05-03,3,4,13,15,11,46,1,4
2006-05-03,30,8,37,9,24,108,3,2
2006-05-06,17,1,46,5,25,94,1,4
2006-05-06,34,18,48,38,46,184,5,0
2006-05-10,4,37,38,48,41,168,3,2
2006-05-10,38,22,4,47,30,141,4,1
2006-05-13,17,47,34,35,16,149,2,3
2006-05-13,41,14,10,47,16,128,3,2
2006-05-17,31,21,37,29,15,133,0,5
2006-05-17,44,13,30,24,11,122,3,2
2006-05-20,32,8,7,26,19,92,3,2
2006-05-20,30,40,32,46,44,192,5,0
2006-05-24,26,1,15,47,23,112,1,4
2006-05-24,7,4,12,25,20,68,3,2
2006-05-27,1,25,14,38,24,102,3,2
2006-05-27,5,31,28,16,35,115,2,3
2006-05-31,23,31,11,44,5,114,1,4
2006-05-31,16,25,1,3,7,52,1,4
2006-06-03,48,1,47,36,2,134,3,2
2006-06-03,39,10,36,41,16,142,3,2
2006-06-07,8,10,4,26,9,57,4,1
2006-06-07,34,9,14,30,25,112,3,2
2006-06-10,28,24,35,19,44,150,3,2
2006-06-10,10,29,25,35,1,100,1,4
2006-06-14,45,17,9,36,10,117,2,3
2006-06-14,42,20,30,28,41,161,4,1
2006-06-17,46,18,12,40,21,137,4,1
2006-06-17,38,41,13,9,10,111,2,3
2006-06-21,16,11,23,3,8,61,2,3
2006-06-21,17,10,44,5,42,118,3,2
2006-06-24,13,8,32,3,36,92,3,2
2006-06-24,34,10,3,15,5,67,2,3
2006-06-28,8,43,20,19,1,91,2,3
2006-06-28,43,22,5,2,19,91,2,3
2006-07-01,38,44,2,29,7,120,3,2
2006-07-01,3,17,47,4,44,115,2,3
2006-07-05,37,39,28,5,46,155,2,3
2006-07-05,25,19,33,2,17,96,1,4
2006-07-08,35,44,38,43,6,166,3,2
2006-07-08,18,39,4,15,1,77,2,3
2006-07-12,15,10,26,41,34,126,3,2
2006-07-12,1,31,22,7,21,82,1,4
2006-07-15,16,49,22,27,19,133,2,3
2006-07-15,35,37,16,33,14,135,2,3
2006-07-19,31,14,35,24,44,148,3,2
2006-07-19,32,23,12,16,36,119,4,1
2006-07-22,44,43,13,18,45,163,2,3
2006-07-22,40,21,28,41,27,157,2,3
2006-07-26,15,33,34,30,42,154,3,2
2006-07-26,3,20,45,8,27,103,2,3
2006-07-29,39,1,26,27,21,114,1,4
2006-07-29,15,34,35,4,44,132,3,2
2006-08-02,43,46,30,36,13,168,3,2
2006-08-02,49,9,41,24,36,159,2,3
2006-08-05,36,46,32,41,43,198,3,2
2006-08-05,2,30,37,22,14,105,4,1
2006-08-09,31,12,7,24,43,117,2,3
2006-08-09,19,49,27,3,39,137,0,5
2006-08-12,4,20,27,16,9,76,3,2
2006-08-12,43,4,14,26,16,103,4,1
2006-08-16,46,26,8,23,38,141,4,1
2006-08-16,30,3,15,33,13,94,1,4
2006-08-19,13,22,42,11,40,128,3,2
2006-08-19,15,22,32,49,41,159,2,3
2006-08-23,28,25,33,11,12,109,2,3
2006-08-23,21,46,10,38,36,151,4,1
2006-08-26,34,41,9,44,48,176,3,2
2006-08-26,11,30,45,36,25,147,2,3
2006-08-30,3,24,6,36,2,71,4,1
2006-08-30,27,43,35,13,11,129,0,5
2006-09-02,2,27,49,25,3,106,1,4
2006-09-02,11,4,21,49,34,119,2,3
2006-09-06,45,47,15,12,22,141,2,3
2006-09-06,23,10,22,28,5,88,3,2
2006-09-09,49,20,13,46,4,132,3,2
2006-09-09,26,15,39,12,48,140,3,2
2006-09-13,11,49,15,4,41,120,1,4
2006-09-13,5,44,8,31,22,110,3,2
2006-09-16,40,32,17,15,34,138,3,2
2006-09-16,18,12,31,26,37,124,3,2
2006-09-20,30,4,8,15,49,106,3,2
2006-09-20,30,29,11,21,44,135,2,3
2006-09-23,31,23,29,40,15,138,1,4
2006-09-23,22,48,44,25,47,186,3,2
2006-09-27,46,4,36,25,31,142,3,2
2006-09-27,26,33,9,8,23,99,2,3
2006-09-30,17,30,24,5,35,111,2,3
2006-09-30,2,35,8,49,44,138,3,2
2006-10-04,33,34,48,8,14,137,4,1
2006-10-04,11,47,3,28,14,103,2,3
2006-10-07,2,48,26,7,4,87,4,1
2006-10-07,2,5,38,32,21,98,3,2
2006-10-11,31,6,7,45,15,104,1,4
2006-10-11,7,45,37,20,16,125,2,3
2006-10-14,33,8,18,3,30,92,3,2
2006-10-14,26,3,35,14,46,124,3,2
2006-10-18,44,8,32,41,43,168,3,2
2006-10-18,37,10,21,17,22,107,2,3
2006-10-21,2,18,40,14,27,101,4,1
2006-10-21,9,16,26,3,40,94,3,2
2006-10-25,45,39,18,38,16,156,3,2
2006-10-25,12,38,18,27,43,138,3,2
2006-10-28,33,25,30,40,10,138,3,2
2006-10-28,13,25,10,18,20,86,3,2
2006-11-01,42,47,3,30,15,137,2,3
2006-11-01,6,36,16,21,33,112,3,2
2006-11-04,27,4,48,46,23,148,3,2
2006-11-04,7,14,25,43,39,128,1,4
2006-11-08,38,43,2,36,25,144,3,2
2006-11-08,1,48,28,12,11,100,3,2
2006-11-11,17,47,10,25,13,112,1,4
2006-11-11,24,9,11,26,2,72,3,2
2006-11-15,19,44,22,48,8,141,4,1
2006-11-15,37,25,16,17,45,140,1,4
2006-11-18,26,27,2,38,16,109,4,1
2006-11-18,43,22,17,32,1,115,2,3
2006-11-22,25,28,24,27,45,149,2,3
2006-11-22,33,8,45,34,41,161,2,3
2006-11-25,17,14,43,5,31,110,1,4
2006-11-25,4,39,21,2,13,79,2,3
2006-11-29,5,7,10,36,49,107,2,3
2006-11-29,21,46,23,44,10,144,3,2
2006-12-02,4,35,17,14,20,90,3,2
2006-12-02,19,16,22,29,30,116,3,2
2006-12-06,15,41,8,40,36,140,3,2
2006-12-06,31,44,35,19,9,138,1,4
2006-12-09,39,20,30,12,33,134,3,2
2006-12-09,40,30,15,47,5,137,2,3
2006-12-13,39,29,31,6,10,115,2,3
2006-12-13,42,49,32,4,37,164,3,2
2006-12-16,10,17,32,48,37,144,3,2
2006-12-16,48,20,10,13,43,134,3,2
2006-12-20,29,49,9,44,25,156,1,4
2006-12-20,5,24,45,32,20,126,3,2
2006-12-23,39,11,3,8,6,67,2,3
2006-12-23,48,2,37,36,33,156,3,2
2006-12-27,26,20,17,7,47,117,2,3
2006-12-27,14,46,3,35,2,100,3,2
2006-12-30,23,1,36,32,28,120,3,2
2006-12-30,26,6,23,20,33,108,3,2
2007-01-03,39,33,49,1,45,167,0,5
2007-01-03,46,20,29,41,49,185,2,3
2007-01-06,7,1,38,34,27,107,2,3
2007-01-06,20,4,21,48,40,133,4,1
2007-01-10,42,45,34,7,24,152,3,2
2007-01-10,38,49,37,36,32,192,3,2
2007-01-13,6,20,5,17,39,87,2,3
2007-01-13,16,47,35,21,22,141,2,3
2007-01-17,39,43,22,30,6,140,3,2
2007-01-17,26,44,25,33,12,140,3,2
2007-01-20,19,49,43,47,42,200,1,4
2007-01-20,19,46,16,11,10,102,3,2
2007-01-24,21,42,49,26,13,151,2,3
2007-01-24,40,5,37,13,32,127,2,3
2007-01-27,38,19,30,24,42,153,4,1
2007-01-27,47,29,11,44,42,173,2,3
2007-01-31,31,47,10,42,26,156,3,2
2007-01-31,27,20,12,5,43,107,2,3
2007-02-03,10,11,44,40,45,150,3,2
2007-02-03,31,33,44,34,46,188,3,2
2007-02-07,34,40,37,5,30,146,3,2
2007-02-07,27,32,24,13,44,140,3,2
2007-02-10,46,2,29,10,20,107,4,1
2007-02-10,11,15,8,41,49,124,1,4
2007-02-14,38,1,15,26,28,108,3,2
2007-02-14,19,43,4,30,42,138,3,2
2007-02-17,10,46,35,9,40,140,3,2
2007-02-17,2,22,29,21,3,77,2,3
2007-02-21,16,41,24,5,26,112,3,2
2007-02-21,17,4,26,46,23,116,3,2
2007-02-24,23,34,13,38,30,138,3,2
2007-02-24,23,27,14,36,35,135,2,3
2007-02-28,18,12,49,20,25,124,3,2
2007-02-28,11,6,24,36,25,102,3,2
2007-03-03,36,10,4,9,19,78,3,2
2007-03-03,27,37,42,26,38,170,3,2
2007-03-07,14,8,35,33,38,128,3,2
2007-03-07,36,35,14,49,38,172,3,2
2007-03-10,10,46,12,21,8,97,4,1
2007-03-10,10,42,24,28,15,119,4,1
2007-03-14,31,29,33,35,12,140,1,4
2007-03-14,2,17,8,27,26,80,3,2
2007-03-17,6,48,41,10,34,139,4,1
2007-03-17,32,44,48,9,27,160,3,2
2007-03-21,9,39,38,48,12,146,3,2
2007-03-21,23,46,15,34,20,138,3,2
2007-03-24,34,17,45,36,42,174,3,2
2007-03-24,15,3,10,30,17,75,2,3
2007-03-28,36,25,18,19,21,119,2,3
2007-03-28,34,39,46,19,44,182,3,2
2007-03-31,16,4,30,11,24,85,4,1
2007-03-31,17,46,36,3,21,123,2,3
2007-04-04,20,33,5,35,26,119,2,3
2007-04-04,26,7,41,44,5,123,2,3
2007-04-07,42,20,28,10,24,124,5,0
2007-04-07,46,39,17,13,9,124,1,4
2007-04-11,44,8,33,36,34,155,4,1
2007-04-11,37,28,20,7,47,139,2,3
2007-04-14,36,2,26,7,17,88,3,2
2007-04-14,49,23,44,36,7,159,2,3
2007-04-18,39,38,44,9,11,141,2,3
2007-04-18,26,12,5,21,8,72,3,2
2007-04-21,10,25,48,3,33,119,2,3
2007-04-21,41,49,10,44,15,159,2,3
2007-04-25,14,19,2,3,40,78,3,2
2007-04-25,8,16,27,29,18,98,3,2
2007-04-28,13,47,4,26,23,113,2,3
2007-04-28,42,25,37,28,46,178,3,2
2007-05-02,6,15,48,19,32,120,3,2
2007-05-02,1,15,3,31,19,69,0,5
2007-05-05,21,4,20,1,48,94,3,2
2007-05-05,27,2,40,3,36,108,3,2
2007-05-09,8,27,36,12,49,132,3,2
2007-05-09,3,16,21,22,35,97,2,3
2007-05-12,26,3,39,38,2,108,3,2
2007-05-12,35,12,39,31,26,143,2,3
2007-05-16,22,49,19,4,41,135,2,3
2007-05-16,8,32,47,36,30,153,4,1
2007-05-19,10,46,34,21,35,146,3,2
2007-05-19,9,2,48,43,41,143,2,3
2007-05-23,36,27,1,5,8,77,2,3
2007-05-23,47,3,15,40,7,112,1,4
2007-05-26,30,43,6,34,46,159,4,1
2007-05-26,2,29,16,22,21,90,3,2
2007-05-30,25,39,49,23,11,147,0,5
2007-05-30,9,32,10,22,15,88,3,2
2007-06-02,14,27,49,24,47,161,2,3
2007-06-02,17,15,27,48,28,135,2,3
2007-06-06,31,9,33,29,46,148,1,4
2007-06-06,35,41,16,22,47,161,2,3
2007-06-09,17,3,10,46,35,111,2,3
2007-06-09,28,4,26,22,35,115,4,1
2007-06-13,15,40,3,41,34,133,2,3
2007-06-13,8,3,13,40,22,86,3,2
2007-06-16,20,40,38,31,37,166,3,2
2007-06-16,32,40,26,12,3,113,4,1
2007-06-20,12,33,45,14,15,119,2,3
2007-06-20,14,10,2,42,5,73,4,1
2007-06-23,47,15,37,5,11,115,0,5
2007-06-23,43,13,28,7,45,136,1,4
2007-06-27,8,37,34,20,39,138,3,2
2007-06-27,42,6,29,13,12,102,3,2
2007-06-30,6,28,33,29,43,139,2,3
2007-06-30,35,29,11,9,24,108,1,4
2007-07-04,8,24,38,20,34,124,5,0
2007-07-04,45,44,36,33,20,178,3,2
2007-07-07,17,4,24,21,27,93,2,3
2007-07-07,36,14,22,2,35,109,4,1
2007-07-11,23,46,15,2,20,106,3,2
2007-07-11,35,2,23,21,3,84,1,4
2007-07-14,23,26,16,25,33,123,2,3
2007-07-14,10,39,4,20,24,97,4,1
2007-07-18,12,14,38,17,28,109,4,1
2007-07-18,21,6,31,1,13,72,1,4
2007-07-21,3,22,15,4,33,77,2,3
2007-07-21,31,27,13,29,34,134,1,4
2007-07-25,8,30,33,47,6,124,3,2
2007-07-25,21,31,6,12,17,87,2,3
2007-07-28,39,20,48,8,33,148,3,2
2007-07-28,22,40,36,3,20,121,4,1
2007-08-01,41,24,29,6,33,133,2,3
2007-08-01,24,2,41,38,42,147,4,1
2007-08-04,8,34,32,36,46,156,5,0
2007-08-04,32,20,26,40,49,167,4,1
2007-08-08,47,13,35,41,19,155,0,5
2007-08-08,21,13,46,45,32,157,2,3
2007-08-11,18,35,36,38,13,140,3,2
2007-08-11,12,25,46,23,38,144,3,2
2007-08-15,7,32,38,30,36,143,4,1
2007-08-15,9,32,44,8,33,126,3,2
2007-08-18,39,35,13,48,8,143,2,3
2007-08-18,29,31,30,17,10,117,2,3
2007-08-22,7,14,34,40,36,131,4,1
2007-08-22,14,13,48,29,30,134,3,2
2007-08-25,44,37,45,16,3,145,2,3
2007-08-25,22,13,12,19,8,74,3,2
2007-08-29,17,3,14,36,11,81,2,3
2007-08-29,39,14,32,19,20,124,3,2
2007-09-01,46,37,16,48,9,156,3,2
2007-09-01,45,27,39,31,18,160,1,4
2007-09-05,38,10,5,12,35,100,3,2
2007-09-05,31,12,43,49,18,153,2,3
2007-09-08,4,5,19,1,17,46,1,4
2007-09-08,26,40,28,12,43,149,4,1
2007-09-12,7,41,21,39,2,110,1,4
2007-09-12,45,49,23,48,6,171,2,3
2007-09-15,18,15,23,25,41,122,1,4
2007-09-15,47,21,30,10,28,136,3,2
2007-09-19,10,8,41,39,46,144,3,2
2007-09-19,8,10,28,20,33,99,4,1
2007-09-22,38,1,25,49,2,115,2,3
2007-09-22,24,36,27,31,8,126,3,2
2007-09-26,18,4,5,11,48,86,3,2
2007-09-26,8,16,31,10,34,99,4,1
2007-09-29,23,25,30,6,24,108,3,2
2007-09-29,1,34,29,49,33,146,1,4
2007-10-03,42,18,40,30,21,151,4,1
2007-10-03,2,6,30,5,15,58,3,2
2007-10-06,38,8,5,39,1,91,2,3
2007-10-06,31,36,28,40,14,149,4,1
2007-10-10,21,25,2,4,46,98,3,2
2007-10-10,15,24,34,42,40,155,4,1
2007-10-13,25,23,11,49,3,111,0,5
2007-10-13,30,47,39,11,40,167,2,3
2007-10-17,2,47,28,40,13,130,3,2
2007-10-17,45,38,14,19,9,125,2,3
2007-10-20,31,6,48,15,4,104,3,2
2007-10-20,5,39,37,34,9,124,1,4
2007-10-24,36,38,29,21,3,127,2,3
2007-10-24,27,33,6,36,17,119,2,3
2007-10-27,39,21,26,48,28,162,3,2
2007-10-27,25,28,8,42,37,140,3,2
2007-10-31,16,46,24,19,23,128,3,2
2007-10-31,39,40,19,30,7,135,2,3
2007-11-03,11,41,6,20,39,117,2,3
2007-11-03,4,33,3,45,28,113,2,3
2007-11-07,9,28,44,40,42,163,4,1
2007-11-07,45,40,42,21,8,156,3,2
2007-11-10,46,25,11,33,48,163,2,3
2007-11-10,30,31,41,42,19,163,2,3
2007-11-14,43,18,34,16,17,128,3,2
2007-11-14,7,44,41,39,32,163,2,3
2007-11-17,22,33,8,31,34,128,3,2
2007-11-17,23,11,1,16,40,91,2,3
2007-11-21,8,33,22,43,17,123,2,3
2007-11-21,20,32,6,38,27,123,4,1
2007-11-24,44,29,17,26,27,143,2,3
2007-11-24,19,29,16,48,9,121,2,3
2007-11-28,35,16,34,2,29,116,3,2
2007-11-28,36,17,30,23,42,148,3,2
2007-12-01,2,20,15,4,39,80,3,2
2007-12-01,34,30,23,19,48,154,3,2
2007-12-05,28,24,20,46,49,167,4,1
2007-12-05,39,25,37,33,32,166,1,4
2007-12-08,44,14,25,3,15,101,2,3
2007-12-08,43,19,3,2,42,109,2,3
2007-12-12,45,28,22,15,21,131,2,3
2007-12-12,17,10,38,44,4,113,4,1
2007-12-15,46,42,37,31,7,163,2,3
2007-12-15,21,47,15,4,40,127,2,3
2007-12-19,20,27,14,1,15,77,2,3
2007-12-19,45,19,48,3,30,145,2,3
2007-12-22,17,33,43,32,28,153,2,3
2007-12-22,31,14,25,15,11,96,1,4
2007-12-26,9,8,16,11,40,84,3,2
2007-12-26,41,39,27,14,35,156,1,4
2007-12-29,27,10,13,8,41,99,2,3
2007-12-29,32,48,31,26,25,162,3,2
2008-01-02,29,7,37,5,31,109,0,5
2008-01-02,6,3,19,8,37,73,2,3
2008-01-05,20,7,40,16,47,130,3,2
2008-01-05,3,25,46,11,5,90,1,4
2008-01-09,26,9,39,33,44,151,2,3
2008-01-09,16,3,11,29,5,64,1,4
2008-01-12,34,26,39,35,37,171,2,3
2008-01-12,5,21,24,36,19,105,2,3
2008-01-16,2,41,33,14,34,124,3,2
2008-01-16,38,31,1,14,26,110,3,2
2008-01-19,15,24,44,34,16,133,4,1
2008-01-19,34,17,24,39,37,151,2,3
2008-01-23,38,25,45,44,31,183,2,3
2008-01-23,28,24,10,7,25,94,3,2
2008-01-26,33,31,38,45,47,194,1,4
2008-01-26,42,46,22,20,48,178,5,0
2008-01-30,19,8,35,4,34,100,3,2
2008-01-30,3,33,38,9,48,131,2,3
2008-02-02,39,26,19,5,6,95,2,3
2008-02-02,31,15,32,5,30,113,2,3
2008-02-06,2,47,3,17,44,113,2,3
2008-02-06,8,22,46,2,10,88,5,0
2008-02-09,37,40,14,8,18,117,4,1
2008-02-09,38,45,13,27,12,135,2,3
2008-02-13,7,32,31,42,23,135,2,3
2008-02-13,13,15,6,29,33,96,1,4
2008-02-16,49,35,27,8,39,158,1,4
2008-02-16,5,41,47,33,46,172,1,4
2008-02-20,13,30,14,10,19,86,3,2
2008-02-20,40,39,31,20,29,159,2,3
2008-02-23,22,41,17,30,3,113,2,3
2008-02-23,26,3,8,46,19,102,3,2
2008-02-27,3,40,12,37,46,138,3,2
2008-02-27,23,37,39,41,21,161,0,5
2008-03-01,2,32,40,33,34,141,4,1
2008-03-01,23,16,44,38,4,125,4,1
2008-03-05,41,30,28,46,42,187,4,1
2008-03-05,1,37,9,12,11,70,1,4
2008-03-08,24,36,11,3,42,116,3,2
2008-03-08,18,11,12,43,10,94,3,2
2008-03-12,19,1,31,22,39,112,1,4
2008-03-12,32,44,8,24,14,122,5,0
2008-03-15,44,5,6,22,30,107,4,1
2008-03-15,17,38,23,45,9,132,1,4
2008-03-19,20,34,37,25,1,117,2,3
2008-03-19,36,6,33,26,42,143,4,1
2008-03-22,11,35,38,28,44,156,3,2
2008-03-22,43,8,31,9,10,101,2,3
2008-03-26,4,46,34,5,18,107,4,1
2008-03-26,49,6,21,10,17,103,2,3
2008-03-29,36,19,4,21,18,98,3,2
2008-03-29,7,3,10,11,38,69,2,3
2008-04-02,14,43,27,46,42,172,3,2
2008-04-02,7,28,41,9,2,87,2,3
2008-04-05,21,27,6,47,30,131,2,3
2008-04-05,10,2,32,44,20,108,5,0
2008-04-09,32,14,9,5,48,108,3,2
2008-04-09,8,41,19,37,3,108,1,4
2008-04-12,45,17,18,8,24,112,3,2
2008-04-12,44,49,27,48,24,192,3,2
2008-04-16,41,2,44,5,47,139,2,3
2008-04-16,37,13,31,48,25,154,1,4
2008-04-19,10,2,8,21,15,56,3,2
2008-04-19,10,49,26,11,34,130,3,2
2008-04-23,14,36,3,17,25,95,2,3
2008-04-23,23,33,3,45,39,143,0,5
2008-04-26,34,49,37,14,3,137,2,3
2008-04-26,15,28,27,11,37,118,1,4
2008-04-30,49,31,27,40,38,185,2,3
2008-04-30,42,16,29,13,35,135,2,3
2008-05-03,41,18,16,4,34,113,4,1
2008-05-03,41,13,16,48,14,132,3,2
2008-05-07,21,35,14,24,12,106,3,2
2008-05-07,45,43,37,25,47,197,0,5
2008-05-10,47,20,40,21,7,135,2,3
2008-05-10,17,42,14,23,15,111,2,3
2008-05-14,12,13,5,17,31,78,1,4
2008-05-14,39,14,18,16,10,97,4,1
2008-05-17,20,35,28,13,1,97,2,3
2008-05-17,10,37,25,4,36,112,3,2
2008-05-21,14,17,33,1,7,72,1,4
2008-05-21,5,34,17,35,13,104,1,4
2008-05-24,33,48,32,5,16,134,3,2
2008-05-24,32,8,39,7,1,87,2,3
2008-05-28,24,12,17,46,14,113,4,1
2008-05-28,14,18,29,30,32,123,4,1
2008-05-31,43,19,48,1,3,114,1,4
2008-05-31,23,2,46,42,32,145,4,1
2008-06-04,46,15,11,40,8,120,3,2
2008-06-04,39,27,30,19,13,128,1,4
2008-06-07,30,3,1,33,9,76,1,4
2008-06-07,20,15,40,13,2,90,3,2
2008-06-11,22,47,45,26,35,175,2,3
2008-06-11,6,7,35,46,45,139,2,3
2008-06-14,1,27,11,24,20,83,2,3
2008-06-14,24,39,1,16,35,115,2,3
2008-06-18,46,1,39,11,32,129,2,3
2008-06-18,49,29,21,11,48,158,1,4
2008-06-21,30,19,2,10,22,83,4,1
2008-06-21,29,14,41,17,28,129,2,3
2008-06-25,5,27,44,3,35,114,1,4
2008-06-25,12,36,2,1,30,81,4,1
2008-06-28,44,7,16,29,26,122,3,2
2008-06-28,30,18,17,7,22,94,3,2
2008-07-02,34,26,3,17,4,84,3,2
2008-07-02,43,33,38,14,27,155,2,3
2008-07-05,35,36,44,39,13,167,2,3
2008-07-05,18,26,17,23,12,96,3,2
2008-07-09,45,34,39,21,13,152,1,4
2008-07-09,46,25,36,4,16,127,4,1
2008-07-12,6,9,7,43,8,73,2,3
2008-07-12,26,27,4,18,20,95,4,1
2008-07-16,23,29,34,47,21,154,1,4
2008-07-16,47,17,10,1,16,91,2,3
2008-07-19,3,47,10,25,40,125,2,3
2008-07-19,41,1,11,46,19,118,1,4
2008-07-23,29,4,35,23,17,108,1,4
2008-07-23,16,48,6,22,5,97,4,1
2008-07-26,45,20,48,44,31,188,3,2
2008-07-26,41,13,27,18,42,141,2,3
2008-07-30,44,7,48,32,40,171,4,1
2008-07-30,32,33,7,35,36,143,2,3
2008-08-02,11,9,27,18,46,111,2,3
2008-08-02,34,32,15,16,17,114,3,2
2008-08-06,16,40,46,39,43,184,3,2
2008-08-06,13,26,35,30,47,151,2,3
2008-08-09,19,29,25,24,6,103,2,3
2008-08-09,24,48,47,6,2,127,4,1
2008-08-13,41,43,25,23,4,136,1,4
2008-08-13,23,49,29,11,38,150,1,4
2008-08-16,5,25,34,12,20,96,3,2
2008-08-16,42,21,41,29,24,157,2,3
2008-08-20,15,17,26,32,12,102,3,2
2008-08-20,5,44,10,41,11,111,2,3
2008-08-23,12,40,43,8,31,134,3,2
2008-08-23,37,39,3,7,26,112,1,4
2008-08-27,49,34,21,19,32,155,2,3
2008-08-27,39,25,8,7,43,122,1,4
2008-08-30,6,32,23,19,47,127,2,3
2008-08-30,47,21,5,20,37,130,1,4
2008-09-03,29,12,27,4,2,74,3,2
2008-09-03,28,15,26,42,14,125,4,1
2008-09-06,20,34,49,21,46,170,3,2
2008-09-06,22,40,12,46,29,149,4,1
2008-09-10,7,24,6,12,2,51,4,1
2008-09-10,38,36,19,5,39,137,2,3
2008-09-13,11,36,34,14,35,130,3,2
2008-09-13,28,40,8,9,17,102,3,2
2008-09-17,31,49,9,30,29,148,1,4
2008-09-17,26,43,49,40,48,206,3,2
2008-09-20,24,40,13,9,47,133,2,3
2008-09-20,31,26,47,10,12,126,3,2
2008-09-24,2,33,34,28,8,105,4,1
2008-09-24,9,19,32,21,20,101,2,3
2008-09-27,24,47,39,42,45,197,2,3
2008-09-27,28,7,24,35,32,126,3,2
2008-10-01,41,16,14,18,10,99,4,1
2008-10-01,29,28,3,1,6,67,2,3
2008-10-04,33,32,42,16,15,138,3,2
2008-10-04,36,9,16,27,25,113,2,3
